CustomerID,Age,Gender,City,AnnualIncome,MembershipTier,PreferredChannel,TenureMonths,RecencyDays,Frequency,MonetaryTotal,AvgBasketValue
CUST-10284,35.0,Female,Portland,36611.45,Basic,In-Store,39,0,19,490.86,17.72
CUST-10804,43.0,Female,Seattle,32160.3,Gold,Online,9,71,2,9.48,65.27
CUST-10381,60.0,Female,Denver,109609.53,Gold,Online,61,19,25,6951.76,166.62
CUST-10617,80.0,Female,Houston,114809.43,Basic,In-Store,19,59,3,1784.26,482.15
CUST-10805,18.0,Male,Austin,41538.42,Basic,Online,6,72,2,40.03,66.76
CUST-11123,18.0,Non-Binary,Seattle,32051.93,Gold,Online,13,24,14,1443.86,35.03
CUST-10407,45.0,Male,Chicago,89388.62,Platinum,Online,59,16,35,4711.06,102.42
CUST-10886,37.0,Male,Denver,29231.98,Silver,Online,1,95,0,190.29,72.84
CUST-10994,40.0,Male,Miami,54057.81,Gold,In-Store,5,96,1,111.21,16.87
CUST-10802,25.0,Male,Miami,43234.09,Silver,In-Store,6,47,1,12.66,79.58
CUST-10669,42.0,Female,Portland,98292.44,Silver,Mobile App,48,45,7,2736.81,316.66
CUST-10431,45.0,Female,Austin,65644.61,Gold,Online,57,6,14,2613.9,152.89
CUST-10491,31.0,Male,Houston,100495.44,Gold,Online,45,6,29,1314.91,129.07
CUST-10452,46.0,Female,Phoenix,124841.16,Silver,Mobile App,30,2,19,3316.66,154.96
CUST-10183,19.0,Male,Boston,36045.41,Platinum,In-Store,38,30,16,332.73,15.33
CUST-10959,22.0,Female,Austin,33188.39,Basic,Online,1,63,1,87.3,59.24
CUST-10628,31.0,Male,Austin,96463.08,Basic,Mobile App,22,43,5,2711.25,230.27
CUST-10690,53.0,Non-Binary,Austin,96822.74,Silver,Mobile App,25,73,10,3273.17,429.29
CUST-10788,29.0,Male,Houston,46106.72,Platinum,Mobile App,1,93,3,157.54,46.55
CUST-10361,37.0,Female,Chicago,87470.37,Basic,Online,38,12,43,5076.62,181.33
CUST-10595,59.0,Female,Boston,94715.8,Platinum,Online,31,38,4,1405.6,416.85
CUST-10850,37.0,Female,Boston,37007.89,Basic,Online,5,65,3,94.64,74.73
CUST-10981,32.0,Female,Miami,67627.46,Basic,Online,1,130,3,70.76,84.01
CUST-10194,39.0,Male,New York,37559.17,Silver,In-Store,69,30,20,236.71,28.62
CUST-10957,46.0,Female,Houston,58807.57,Platinum,Online,1,91,0,147.54,35.51
CUST-10623,59.0,Male,New York,116297.19,Basic,Online,13,44,8,2215.07,429.26
CUST-10767,33.0,Male,Seattle,33725.03,Gold,Online,1,70,3,210.5,87.51
CUST-10245,48.0,Female,Denver,30565.29,Basic,In-Store,13,14,11,319.75,36.83
CUST-10024,44.0,Male,New York,34249.19,Basic,Online,26,27,16,481.85,26.25
CUST-10785,27.0,Female,Atlanta,60533.18,Gold,In-Store,4,30,2,260.43,78.38
CUST-10750,35.0,Male,Phoenix,41780.9,Silver,In-Store,1,77,3,0.0,71.54
CUST-10892,44.0,Male,Atlanta,35522.28,Basic,Online,1,150,1,149.87,30.33
CUST-10467,61.0,Female,Portland,97339.42,Basic,Online,24,6,27,2484.5,166.63
CUST-10181,36.0,Female,New York,41779.42,Gold,In-Store,31,7,18,1103.6,32.38
CUST-10932,38.0,Female,New York,30063.92,Silver,Mobile App,6,88,1,147.56,29.6
CUST-10633,55.0,Male,New York,121177.86,Silver,Mobile App,43,92,6,1779.71,250.12
CUST-10736,37.0,Female,Portland,141716.52,Silver,Mobile App,44,58,7,3337.15,487.2
CUST-10600,67.0,Male,Phoenix,93010.73,Silver,Online,26,52,5,2268.69,422.61
CUST-10324,39.0,Male,Boston,39159.72,Silver,Online,21,20,10,663.88,11.49
CUST-10273,37.0,Female,Austin,47693.575,Basic,Online,38,40,20,299.74,17.08
CUST-10824,35.0,Female,Seattle,26180.67,Gold,Mobile App,3,38,3,21.57,77.73
CUST-10663,68.0,Male,Houston,99852.07,Gold,Online,29,60,4,1445.73,391.71
CUST-10200,50.0,Male,Seattle,52265.07,Basic,Online,25,30,21,788.48,25.37
CUST-10540,54.0,Male,Portland,72210.32,Silver,Online,69,20,8,3074.96,187.34
CUST-11115,28.0,Female,Austin,47693.575,Basic,In-Store,12,1,28,914.33,30.67
CUST-10801,18.0,Male,Denver,55282.89,Silver,Online,7,86,2,138.82,52.07
CUST-10506,52.0,Female,Miami,64276.05,Basic,In-Store,52,18,38,6044.51,126.62
CUST-10551,47.0,Female,Boston,95256.81,Silver,In-Store,45,8,30,4500.0,118.84
CUST-10780,25.0,Female,Seattle,23478.23,Silver,Online,5,106,3,106.02,68.34
CUST-10370,53.0,Female,Houston,97514.21,Gold,Mobile App,32,4,10,4747.49,139.65
CUST-11129,24.0,Female,New York,33280.8,Silver,Online,12,19,23,506.04,37.23
CUST-10216,29.0,Male,Portland,39601.55,Platinum,Online,21,22,11,713.04,21.06
CUST-10380,50.0,Female,Miami,102231.53,Platinum,Mobile App,65,6,23,3736.82,124.18
CUST-10427,48.0,Female,New York,109425.39,Platinum,In-Store,71,9,23,1593.78,81.81
CUST-11161,27.0,Male,Atlanta,49888.73,Silver,Online,16,20,18,1223.82,32.86
CUST-10219,33.0,Male,Portland,43410.04,Silver,In-Store,10,25,17,523.58,30.03
CUST-10019,28.0,Female,Miami,34267.11,Gold,In-Store,33,43,18,277.31,26.89
CUST-11149,25.0,Male,Seattle,39482.77,Basic,Online,8,11,23,448.89,12.27
CUST-10047,44.0,Male,Portland,32497.22,Silver,Online,36,26,19,607.67,26.46
CUST-10341,52.0,Non-Binary,Los Angeles,87280.1,Platinum,Online,55,8,33,3433.13,154.38
CUST-10170,63.0,Male,Houston,32447.74,Silver,Online,22,53,13,925.69,29.52
CUST-10428,39.0,Female,Atlanta,101247.64,Silver,Mobile App,73,13,27,2393.53,140.14
CUST-10867,25.0,Male,Los Angeles,50265.5,Basic,Online,8,94,1,100.74,71.21
CUST-10043,37.0,Male,Los Angeles,46214.58,Gold,Mobile App,42,39,20,759.73,19.07
CUST-11176,23.0,Male,Portland,42190.39,Gold,Online,1,18,17,1204.0,25.53
CUST-10729,51.0,Female,Atlanta,103781.07,Silver,In-Store,13,65,6,2469.17,234.95
CUST-10413,45.0,Non-Binary,Denver,77730.69,Basic,Online,38,7,23,3363.6,116.4
CUST-10914,23.0,Male,New York,63164.99,Gold,Mobile App,3,34,3,211.3,67.33
CUST-10137,40.0,Female,Austin,42701.29,Silver,In-Store,28,27,19,312.18,32.96
CUST-10017,38.0,Female,Atlanta,37352.75,Gold,Online,35,25,11,743.5,32.14
CUST-11006,19.0,Male,Portland,30685.64,Gold,Online,26,22,26,902.02,39.85
CUST-10131,31.0,Female,Seattle,46464.9,Silver,In-Store,33,32,11,406.41,44.43
CUST-11008,23.0,Female,Portland,30909.13,Basic,Online,14,20,29,747.54,33.35
CUST-10883,30.0,Male,Seattle,36800.0,Platinum,Online,4,112,1,40.16,88.9
CUST-10825,35.0,Female,Portland,48867.93,Silver,Online,6,82,1,165.45,113.11
CUST-10455,36.0,Male,Atlanta,80142.52,Silver,In-Store,61,20,32,4265.72,135.2
CUST-11067,18.0,Female,Chicago,29868.54,Gold,Online,12,10,11,1271.33,33.25
CUST-10997,26.0,Male,Phoenix,48122.99,Basic,Online,4,7,1,144.79,65.98
CUST-10460,44.0,Female,Chicago,80256.16,Basic,Online,40,10,16,3418.89,85.66
CUST-10010,46.0,Male,Houston,25230.47,Gold,Online,24,23,13,868.37,10.94
CUST-11135,29.0,Non-Binary,Miami,39279.68,Basic,In-Store,27,15,15,925.87,33.08
CUST-10838,29.0,Male,Atlanta,32310.29,Platinum,Online,5,58,3,132.82,62.53
CUST-10104,31.0,Male,New York,37529.64,Basic,Mobile App,2,20,8,823.71,21.25
CUST-10577,37.0,Male,Houston,96982.07,Silver,In-Store,17,86,6,1740.2,342.42
CUST-11172,26.0,Female,Portland,45043.17,Gold,Online,10,16,9,737.37,36.63
CUST-10811,41.0,Male,New York,37586.08,Silver,Online,2,0,4,259.98,66.0
CUST-10978,34.0,Female,Portland,63288.74,Gold,Online,1,85,2,28.22,52.81
CUST-11007,25.0,Male,Miami,38923.84,Silver,In-Store,21,26,14,1224.06,34.3
CUST-10538,60.0,Female,Atlanta,87863.64,Basic,Online,42,14,27,4407.65,171.91
CUST-10938,25.0,Female,Miami,46928.54,Silver,Mobile App,10,53,2,160.98,43.27
CUST-10197,58.0,Female,Houston,45457.38,Gold,Online,59,16,12,543.02,13.84
CUST-11170,25.0,Male,Phoenix,40759.24,Platinum,In-Store,10,25,21,804.09,21.96
CUST-10733,32.0,Male,Chicago,80829.03,Silver,Online,33,87,4,1456.23,353.32
CUST-10730,34.0,Female,Seattle,106170.77,Gold,Mobile App,16,86,4,1057.4,243.01
CUST-10430,42.0,Female,Phoenix,93327.51,Silver,Online,50,0,20,4420.98,102.22
CUST-10861,27.0,Female,Chicago,41594.01,Platinum,Online,1,51,4,47.46,45.64
CUST-11038,18.0,Female,Denver,37715.36,Silver,Online,1,13,14,658.36,22.48
CUST-10352,39.0,Female,Chicago,83127.8,Gold,In-Store,37,9,29,2932.25,115.94
CUST-10210,47.0,Female,Portland,48115.65,Basic,Online,1,28,17,926.13,33.24
CUST-10570,53.0,Non-Binary,Phoenix,58946.64,Gold,Mobile App,45,48,4,1220.16,317.12
CUST-10225,26.0,Male,Houston,57833.9,Basic,Online,44,16,9,184.83,36.24
CUST-10537,45.0,Female,Denver,91754.68,Basic,In-Store,52,9,25,3768.86,111.12
CUST-10143,56.0,Male,Denver,26276.23,Basic,Online,15,43,10,654.75,18.58
CUST-10319,39.0,Male,Atlanta,49184.34,Basic,In-Store,19,32,16,960.09,26.96
CUST-11160,33.0,Male,Portland,55484.25,Basic,Online,10,31,23,887.28,18.33
CUST-10066,28.0,Male,Portland,30663.94,Basic,Mobile App,27,17,12,174.1,39.03
CUST-10243,37.0,Male,Los Angeles,37161.26,Basic,In-Store,31,6,15,838.23,35.89
CUST-10444,49.0,Female,Austin,125580.86,Basic,In-Store,42,6,37,4762.19,131.88
CUST-11147,22.0,Male,Los Angeles,51334.46,Silver,Online,15,19,14,619.15,42.03
CUST-10479,34.0,Male,Phoenix,117436.97,Basic,In-Store,56,7,19,2734.93,167.81
CUST-10507,42.0,Male,Los Angeles,64563.34,Platinum,Mobile App,44,12,22,3391.62,140.62
CUST-10322,34.0,Female,New York,41686.19,Basic,Online,23,3,16,675.93,35.11
CUST-10037,49.0,Female,New York,35309.08,Silver,In-Store,34,33,20,818.6,24.46
CUST-10325,40.0,Female,Boston,39977.08,Silver,Online,21,21,12,791.33,18.14
CUST-10971,28.0,Male,Miami,52738.68,Basic,Online,4,75,2,162.96,47.85
CUST-10468,31.0,Female,Austin,47693.575,Basic,Online,51,17,29,4923.7,139.05
CUST-11017,27.0,Male,New York,47588.55,Basic,Online,6,18,20,1173.72,25.22
CUST-11146,24.0,Female,New York,45972.49,Basic,Online,14,26,7,508.17,34.18
CUST-10489,53.0,Female,Houston,115453.5,Silver,In-Store,60,17,30,3718.19,132.23
CUST-10918,25.0,Male,Houston,42002.7,Basic,Mobile App,6,85,2,118.72,7.74
CUST-11197,22.0,Female,Miami,63611.08,Silver,In-Store,13,10,34,737.19,28.3
CUST-10045,32.0,Female,Miami,29105.46,Silver,Online,46,30,11,772.56,11.55
CUST-10357,47.0,Male,Los Angeles,115125.29,Silver,In-Store,60,7,30,2440.59,83.84
CUST-10292,31.0,Female,Houston,46213.03,Silver,In-Store,60,23,11,583.84,38.46
CUST-10969,30.0,Female,Houston,59490.23,Silver,Online,1,72,1,128.69,14.15
CUST-10093,42.0,Male,Seattle,44407.88,Platinum,In-Store,30,23,18,608.91,42.89
CUST-11072,28.0,Male,New York,41863.36,Gold,In-Store,11,14,11,395.39,35.02
CUST-10408,44.0,Female,Denver,87784.93,Basic,Online,47,0,26,5280.02,101.65
CUST-11027,26.0,Male,Chicago,35949.76,Basic,In-Store,13,16,23,1141.87,60.71
CUST-11012,24.0,Female,Houston,34962.27,Basic,Online,11,6,15,1014.58,60.44
CUST-11081,22.0,Female,New York,54327.02,Gold,Online,18,19,27,567.45,24.24
CUST-10026,44.0,Female,Seattle,49059.79,Silver,Online,41,41,9,603.35,20.73
CUST-10641,45.0,Male,Seattle,99981.49,Basic,In-Store,28,36,9,2656.62,291.68
CUST-10504,43.0,Male,Austin,108895.79,Basic,Online,51,13,24,4291.44,151.1
CUST-10745,36.0,Male,New York,47190.41,Silver,Mobile App,5,79,3,143.66,91.6
CUST-10345,52.0,Female,Portland,83540.23,Silver,Online,27,3,29,6493.52,127.35
CUST-10294,63.0,Female,Atlanta,46567.62,Gold,Online,31,35,19,1085.28,21.75
CUST-11194,30.0,Male,Los Angeles,33061.41,Platinum,Online,11,14,18,1254.0,43.76
CUST-10091,18.0,Female,Chicago,35821.22,Basic,Mobile App,20,11,17,766.96,38.19
CUST-10725,68.0,Female,Portland,93418.4,Platinum,In-Store,33,4,2,1069.94,264.96
CUST-11185,24.0,Male,Austin,37812.26,Gold,Online,11,9,17,546.7,43.29
CUST-10662,47.0,Female,Boston,97459.15,Gold,In-Store,29,55,2,2174.49,471.64
CUST-11040,26.0,Female,Seattle,37808.66,Silver,Online,12,33,14,641.06,10.99
CUST-11198,25.0,Female,Boston,28806.35,Silver,Online,6,18,7,951.2,22.05
CUST-10738,46.0,Male,Denver,113209.15,Silver,Online,34,87,3,704.97,284.71
CUST-11186,31.0,Female,Atlanta,32558.38,Silver,Online,22,0,13,355.28,29.46
CUST-10666,44.0,Female,Houston,115048.58,Platinum,In-Store,1,54,6,1633.11,374.69
CUST-10127,41.0,Female,Portland,39397.48,Basic,Online,25,29,13,868.94,28.21
CUST-10533,41.0,Female,Denver,118484.51,Silver,Online,61,12,28,4470.53,187.98
CUST-10827,38.0,Female,Chicago,37906.2,Gold,In-Store,7,76,2,106.77,54.33
CUST-11022,25.0,Female,Atlanta,52244.31,Basic,Mobile App,17,22,15,969.67,34.7
CUST-10940,43.0,Female,Los Angeles,61642.94,Basic,In-Store,7,71,1,127.93,54.89
CUST-11125,22.0,Female,Austin,47693.575,Basic,Online,2,11,23,933.62,28.56
CUST-10979,34.0,Female,Los Angeles,40754.59,Silver,Online,1,75,2,50.84,56.38
CUST-10072,46.0,Male,Phoenix,52736.63,Basic,Online,16,15,20,902.1,42.26
CUST-10820,37.0,Female,Atlanta,31371.73,Platinum,In-Store,1,53,1,102.32,32.2
CUST-10147,29.0,Male,Los Angeles,29731.68,Silver,Online,31,17,15,580.62,27.24
CUST-10977,32.0,Male,Portland,70038.79,Silver,Online,7,138,3,146.45,90.13
CUST-11076,21.0,Male,Boston,45260.19,Basic,Online,20,7,26,590.03,43.95
CUST-10951,18.0,Male,Austin,49209.58,Platinum,In-Store,1,46,2,168.61,62.48
CUST-10679,29.0,Female,Austin,118413.0,Basic,Online,8,35,8,2642.04,381.55
CUST-11103,20.0,Female,Los Angeles,44091.07,Platinum,Online,24,21,17,720.81,33.09
CUST-11144,24.0,Male,Phoenix,61913.59,Silver,Mobile App,25,13,14,895.82,45.56
CUST-10223,35.0,Male,Houston,27616.17,Silver,In-Store,7,22,13,685.04,18.17
CUST-10278,36.0,Male,Denver,52874.93,Basic,Mobile App,37,24,25,221.75,31.0
CUST-10015,24.0,Male,Austin,28800.92,Gold,Mobile App,27,18,17,605.05,24.41
CUST-10419,47.0,Female,New York,95223.07,Silver,In-Store,38,12,20,5274.12,187.17
CUST-10321,35.0,Female,Miami,42472.48,Silver,In-Store,32,32,20,541.68,9.88
CUST-10086,36.0,Male,Austin,34666.97,Gold,Online,45,7,21,978.06,35.43
CUST-10772,25.0,Male,Los Angeles,43036.62,Gold,Mobile App,1,99,3,143.42,86.75
CUST-11058,27.0,Female,Seattle,47693.575,Basic,In-Store,11,15,12,616.97,33.08
CUST-10625,59.0,Male,New York,133612.29,Silver,Online,14,60,4,2605.96,327.6
CUST-10699,28.0,Female,Seattle,111362.1,Basic,In-Store,18,61,4,2515.14,319.88
CUST-11104,27.0,Female,Atlanta,37349.26,Silver,Mobile App,30,11,25,1664.02,14.45
CUST-10376,64.0,Non-Binary,Seattle,72643.46,Basic,Online,44,13,15,5881.93,106.75
CUST-10917,32.0,Female,Portland,60761.18,Basic,In-Store,2,76,3,120.11,44.93
CUST-10790,20.0,Female,Atlanta,53666.94,Gold,In-Store,1,87,2,133.87,49.86
CUST-10530,54.0,Female,Boston,106426.25,Basic,In-Store,58,3,31,1796.31,85.6
CUST-10877,41.0,Male,Miami,36182.58,Silver,Online,2,46,2,156.29,28.79
CUST-10423,33.0,Male,Portland,94379.45,Gold,Online,35,6,37,4523.76,104.21
CUST-11024,26.0,Non-Binary,Houston,34828.75,Silver,In-Store,20,24,20,1155.67,33.73
CUST-10513,45.0,Female,Chicago,89055.48,Platinum,Online,39,11,28,5210.95,112.96
CUST-10853,18.0,Female,Los Angeles,45286.41,Gold,In-Store,3,83,2,53.58,78.74
CUST-11184,19.0,Male,Boston,46426.61,Basic,Online,5,15,8,867.73,35.15
CUST-10510,38.0,Female,Denver,59495.28,Basic,Online,48,6,33,3680.21,147.46
CUST-11002,18.0,Female,Houston,45652.76,Gold,Mobile App,25,12,12,1322.9,34.86
CUST-10993,30.0,Male,Portland,32356.07,Basic,In-Store,6,46,2,134.65,60.78
CUST-11095,29.0,Female,Atlanta,47530.3,Basic,Online,6,16,22,1103.99,60.94
CUST-10132,27.0,Female,New York,31497.81,Basic,In-Store,44,29,8,581.75,27.26
CUST-10711,50.0,Female,Los Angeles,141388.97,Basic,Mobile App,17,49,3,1982.26,385.87
CUST-11015,21.0,Male,Chicago,42412.1,Silver,In-Store,7,13,21,644.83,29.24
CUST-10786,29.0,Female,Seattle,24317.37,Silver,Online,4,21,0,141.18,37.53
CUST-10231,24.0,Female,Austin,47693.575,Basic,In-Store,70,45,17,480.06,14.88
CUST-10842,33.0,Male,Los Angeles,39010.64,Platinum,Online,3,58,2,52.75,25.44
CUST-10061,32.0,Female,Miami,40013.4,Silver,Online,59,24,24,644.9,16.06
CUST-10912,55.0,Female,Houston,52650.34,Basic,Mobile App,2,94,2,175.71,8.93
CUST-10383,45.0,Female,Phoenix,90231.74,Basic,In-Store,26,13,19,5786.21,180.62
CUST-10214,46.0,Male,Austin,35205.8,Basic,Mobile App,54,29,13,652.69,39.47
CUST-10755,30.0,Female,Miami,62383.43,Basic,In-Store,1,48,2,124.36,70.86
CUST-11094,20.0,Female,Portland,49451.45,Silver,In-Store,16,6,16,776.56,29.15
CUST-10310,20.0,Male,Atlanta,35419.71,Gold,Online,14,10,15,527.65,29.46
CUST-10737,18.0,Male,Houston,135262.42,Platinum,Online,28,92,6,1627.79,340.42
CUST-10039,37.0,Male,Seattle,51322.29,Gold,Online,25,18,14,790.74,30.73
CUST-10501,39.0,Male,Portland,97921.23,Basic,Online,64,14,37,5064.33,188.16
CUST-10675,41.0,Male,Austin,118097.97,Basic,In-Store,1,57,4,2612.71,445.12
CUST-10110,63.0,Male,Austin,34081.27,Gold,In-Store,44,37,9,528.59,22.84
CUST-10073,42.0,Female,Atlanta,45125.02,Silver,Online,35,33,12,622.97,34.54
CUST-11085,26.0,Female,Miami,37556.44,Silver,Online,26,10,15,854.46,35.54
CUST-10437,45.0,Female,Miami,132160.47,Platinum,Mobile App,48,12,38,3953.48,122.56
CUST-10835,32.0,Non-Binary,Austin,53971.08,Basic,Online,5,50,2,63.31,54.16
CUST-10895,42.0,Male,Houston,15000.0,Silver,Online,7,19,2,149.83,55.39
CUST-10111,33.0,Male,New York,37903.26,Basic,Online,26,42,14,1026.45,31.32
CUST-10555,38.0,Male,Austin,102559.34,Silver,Online,65,14,47,3152.36,184.01
CUST-10486,49.0,Male,Phoenix,81170.48,Gold,Mobile App,47,5,28,4617.45,207.93
CUST-11107,24.0,Male,Miami,42351.7,Silver,Online,16,11,20,997.54,40.37
CUST-10796,20.0,Male,Houston,56959.1,Platinum,In-Store,3,94,1,131.1,42.63
CUST-10154,45.0,Female,Chicago,32652.07,Gold,Online,44,47,10,854.99,27.03
CUST-10727,48.0,Male,Denver,104421.63,Platinum,Online,41,18,6,2929.0,494.74
CUST-10652,63.0,Female,Chicago,130008.37,Platinum,Online,24,15,4,1825.24,382.66
CUST-10046,21.0,Female,Denver,50569.85,Gold,In-Store,37,26,16,677.9,29.46
CUST-11130,20.0,Male,Chicago,55053.4,Basic,Mobile App,15,17,5,810.63,57.13
CUST-10548,39.0,Male,Denver,105739.24,Gold,In-Store,30,7,28,6278.67,132.85
CUST-11183,29.0,Non-Binary,Boston,43328.85,Basic,In-Store,10,12,14,313.69,28.44
CUST-10931,34.0,Female,Los Angeles,56560.9,Basic,Online,6,43,3,87.91,14.83
CUST-10683,41.0,Male,Seattle,106398.26,Gold,In-Store,27,49,2,1879.02,410.18
CUST-10173,41.0,Female,Los Angeles,36544.57,Silver,In-Store,45,44,13,623.47,29.87
CUST-11126,18.0,Male,Portland,44015.28,Basic,Mobile App,2,12,20,917.97,28.82
CUST-10747,24.0,Male,Portland,41428.23,Basic,In-Store,1,41,3,170.64,51.83
CUST-11098,20.0,Female,Portland,32000.52,Basic,Online,17,17,23,391.37,30.92
CUST-10839,18.0,Female,Atlanta,61987.78,Basic,Mobile App,7,78,3,24.98,67.2
CUST-10175,34.0,Female,Austin,32581.2,Basic,In-Store,40,9,11,1246.17,23.33
CUST-10124,47.0,Male,Boston,42114.15,Platinum,In-Store,32,41,12,720.96,26.4
CUST-10449,59.0,Male,Miami,82161.28,Gold,Mobile App,60,6,29,781.04,155.27
CUST-10636,50.0,Male,Austin,47693.575,Basic,Online,28,103,5,1773.6,485.19
CUST-10350,57.0,Male,Phoenix,83793.84,Silver,Mobile App,41,14,42,4011.34,76.25
CUST-10040,48.0,Female,Phoenix,46882.26,Gold,In-Store,55,26,18,1073.95,43.42
CUST-10253,40.0,Female,Portland,52380.75,Basic,In-Store,7,25,15,534.04,23.73
CUST-11136,28.0,Female,Portland,34384.82,Gold,Online,13,10,5,1204.69,37.4
CUST-10916,44.0,Male,Atlanta,59027.56,Silver,In-Store,1,76,2,210.56,83.05
CUST-10950,22.0,Female,Seattle,37763.28,Silver,In-Store,1,57,4,132.17,68.85
CUST-11171,27.0,Female,Atlanta,43339.4,Basic,In-Store,10,19,17,1158.02,9.52
CUST-11099,25.0,Female,New York,31826.14,Basic,Mobile App,14,22,20,506.11,35.14
CUST-10314,44.0,Female,Denver,48037.31,Platinum,In-Store,30,27,5,870.53,39.0
CUST-10267,42.0,Male,Seattle,28619.85,Silver,Online,27,17,16,591.07,25.55
CUST-10235,30.0,Male,Boston,15000.0,Basic,Online,48,28,7,594.45,17.57
CUST-10150,55.0,Female,New York,40950.15,Basic,In-Store,45,21,21,572.53,32.14
CUST-10291,20.0,Male,Portland,15000.0,Platinum,Mobile App,27,34,7,387.64,28.03
CUST-10715,40.0,Male,Houston,112403.34,Gold,Online,32,48,4,1681.76,401.82
CUST-11086,23.0,Female,Austin,37278.55,Basic,Mobile App,14,17,19,839.33,51.74
CUST-10205,69.0,Male,Austin,50318.07,Basic,Online,28,39,23,657.14,7.32
CUST-10374,54.0,Male,Austin,64300.25,Silver,Online,67,1,27,4573.99,113.39
CUST-10809,41.0,Female,Houston,60445.43,Silver,Online,6,50,1,142.33,45.74
CUST-10293,48.0,Male,Atlanta,47293.81,Platinum,In-Store,21,25,10,913.02,21.08
CUST-10177,53.0,Female,Portland,44938.15,Basic,In-Store,13,22,10,731.86,48.58
CUST-10947,31.0,Female,New York,41017.08,Gold,Online,4,103,1,174.14,36.27
CUST-10536,80.0,Female,New York,89188.54,Silver,Online,44,7,22,4228.02,169.56
CUST-10148,38.0,Non-Binary,Boston,36919.43,Platinum,In-Store,52,23,18,799.79,22.55
CUST-10399,40.0,Male,Seattle,140763.35,Basic,In-Store,58,11,34,1763.65,121.51
CUST-10698,46.0,Female,Phoenix,131698.69,Silver,Online,1,66,3,1094.75,324.75
CUST-11124,38.0,Female,Seattle,55267.43,Basic,Online,28,16,20,737.69,19.39
CUST-10618,60.0,Female,Chicago,141448.91,Basic,Online,4,100,4,1617.26,507.19
CUST-10404,65.0,Male,Atlanta,99173.45,Silver,Mobile App,59,14,22,7310.47,112.41
CUST-10964,27.0,Male,Los Angeles,56610.13,Gold,In-Store,5,88,0,95.38,86.47
CUST-10880,18.0,Female,Houston,35136.44,Basic,In-Store,2,82,2,106.57,53.0
CUST-10069,63.0,Female,Seattle,39864.46,Basic,Online,33,20,11,719.75,38.13
CUST-10655,39.0,Female,Atlanta,145719.16,Platinum,Online,19,75,6,2751.43,385.22
CUST-10367,44.0,Female,Los Angeles,74079.11,Silver,In-Store,73,10,52,3123.05,107.25
CUST-11112,24.0,Female,Austin,33987.47,Platinum,Online,15,31,10,987.78,30.72
CUST-11051,24.0,Male,Boston,23621.5,Silver,In-Store,13,24,20,1343.2,31.68
CUST-10604,59.0,Male,Los Angeles,98663.09,Platinum,In-Store,12,87,3,1714.79,513.8
CUST-10129,43.0,Female,Phoenix,58410.67,Silver,Online,11,33,16,759.12,16.64
CUST-10451,44.0,Female,Seattle,102234.45,Gold,Mobile App,60,6,29,4761.37,136.13
CUST-10680,53.0,Female,Chicago,97658.04,Gold,Mobile App,11,64,4,3563.61,423.55
CUST-10071,51.0,Male,Chicago,37027.16,Gold,Mobile App,40,12,18,555.71,23.96
CUST-10995,30.0,Female,Denver,68839.55,Silver,In-Store,10,55,3,22.95,64.4
CUST-11141,22.0,Female,Austin,40688.25,Silver,Mobile App,20,13,32,1230.55,30.4
CUST-11034,27.0,Male,Portland,30424.74,Basic,In-Store,14,9,28,957.65,21.44
CUST-10347,46.0,Female,New York,97828.03,Basic,In-Store,39,8,39,3817.38,175.78
CUST-10988,38.0,Female,Denver,55503.44,Silver,Online,6,64,2,97.06,34.86
CUST-10393,31.0,Male,Houston,86844.58,Silver,Online,46,7,35,2403.84,128.63
CUST-10120,18.0,Male,Portland,17710.19,Basic,In-Store,30,8,16,791.99,28.6
CUST-11108,26.0,Female,Seattle,31376.27,Basic,Online,17,16,28,725.64,36.23
CUST-10543,41.0,Female,Austin,120754.56,Silver,Mobile App,61,3,33,3596.23,168.46
CUST-10740,32.0,Male,Chicago,111159.17,Basic,Online,30,90,7,2410.4,333.84
CUST-10184,46.0,Female,Atlanta,41230.38,Platinum,Online,51,23,10,715.95,26.25
CUST-11156,26.0,Female,Seattle,32532.16,Silver,Online,26,22,22,993.62,46.84
CUST-10586,53.0,Female,Austin,120339.73,Gold,Online,25,36,4,715.97,245.6
CUST-10377,49.0,Female,Austin,102364.84,Basic,Online,46,13,23,3182.51,134.61
CUST-10358,34.0,Non-Binary,Denver,90062.41,Silver,In-Store,66,12,36,4984.41,99.02
CUST-11193,24.0,Female,Atlanta,34240.72,Platinum,Online,15,25,20,526.63,42.22
CUST-11188,27.0,Female,Miami,38965.75,Basic,Online,26,26,13,897.95,38.11
CUST-10167,20.0,Male,Boston,39513.2,Basic,Online,35,25,16,547.86,32.03
CUST-10038,39.0,Female,Portland,50960.28,Silver,Online,30,23,18,587.31,17.95
CUST-10439,66.0,Female,Miami,85596.76,Basic,Mobile App,41,1,18,4456.71,120.05
CUST-10044,58.0,Female,Los Angeles,44663.49,Platinum,Online,41,22,17,651.38,29.62
CUST-10891,29.0,Male,Austin,47693.575,Silver,In-Store,5,40,1,159.28,33.76
CUST-10379,32.0,Female,New York,81601.11,Silver,In-Store,74,0,24,5198.87,133.65
CUST-10642,41.0,Male,Portland,76624.54,Basic,Online,18,63,7,2103.09,473.47
CUST-10023,34.0,Female,Austin,50667.57,Basic,In-Store,25,45,12,771.76,45.93
CUST-11019,34.0,Female,Houston,46389.26,Platinum,Mobile App,10,15,20,926.0,17.62
CUST-10067,49.0,Male,Phoenix,41697.24,Basic,Online,20,16,15,1045.28,12.54
CUST-11189,25.0,Female,Boston,27506.19,Gold,Mobile App,13,4,23,728.23,36.02
CUST-11118,20.0,Female,Austin,38579.05,Silver,Mobile App,1,0,29,892.3,39.39
CUST-10687,32.0,Female,Chicago,99341.41,Basic,Mobile App,4,19,4,1183.77,266.92
CUST-10264,48.0,Male,New York,36430.0,Silver,Online,16,44,10,361.38,15.71
CUST-10217,47.0,Male,Houston,49752.93,Gold,Online,12,19,12,369.2,16.44
CUST-11045,23.0,Male,Boston,59096.83,Gold,Online,15,18,24,536.6,33.02
CUST-10141,53.0,Male,Atlanta,30875.28,Basic,Online,41,25,23,647.23,13.87
CUST-10998,26.0,Male,Seattle,52161.06,Silver,Online,6,49,3,195.83,61.96
CUST-11140,31.0,Female,Austin,38195.48,Basic,Online,13,23,5,1244.45,23.87
CUST-10363,42.0,Male,Denver,59678.82,Silver,In-Store,54,13,29,4226.86,185.31
CUST-10516,56.0,Male,Denver,99095.5,Silver,In-Store,29,3,20,3990.95,142.24
CUST-10080,19.0,Female,Miami,51481.52,Silver,Online,46,46,14,600.21,23.42
CUST-10803,18.0,Non-Binary,Houston,74518.39,Silver,In-Store,3,115,3,95.11,73.0
CUST-11037,25.0,Male,Boston,43860.99,Gold,Mobile App,15,13,16,336.74,29.46
CUST-10417,54.0,Male,New York,49644.19,Platinum,Online,57,7,21,3963.07,74.18
CUST-11132,26.0,Female,Denver,41328.31,Gold,Online,4,20,23,660.89,45.5
CUST-10542,47.0,Male,Seattle,105694.59,Gold,Online,36,17,20,4224.04,125.28
CUST-10567,49.0,Female,Chicago,89899.43,Platinum,Online,6,62,3,1802.21,405.64
CUST-10808,34.0,Female,Boston,54379.04,Platinum,Online,3,73,2,87.21,49.76
CUST-10166,25.0,Female,Portland,28024.86,Platinum,In-Store,46,37,18,713.44,34.12
CUST-10702,54.0,Female,Los Angeles,140596.86,Basic,In-Store,18,67,9,2707.52,375.0
CUST-10311,53.0,Male,Phoenix,45058.75,Silver,In-Store,2,22,15,444.77,28.42
CUST-10571,64.0,Male,Austin,134721.77,Basic,Online,1,59,6,3768.76,229.05
CUST-11166,31.0,Female,Miami,50733.21,Basic,Online,17,8,19,1204.46,39.76
CUST-10768,40.0,Female,New York,40911.19,Basic,Online,1,53,2,171.36,36.22
CUST-10165,59.0,Female,Austin,43407.38,Basic,In-Store,26,31,9,351.73,22.91
CUST-10338,24.0,Female,Chicago,22642.45,Silver,Online,10,40,13,221.07,36.76
CUST-11142,36.0,Female,Phoenix,31536.91,Gold,Mobile App,16,23,25,1027.42,32.23
CUST-10590,40.0,Female,Austin,47693.575,Basic,Online,50,17,6,2036.78,400.68
CUST-10323,29.0,Male,Seattle,27603.86,Silver,In-Store,22,5,14,432.49,32.49
CUST-10434,47.0,Male,Seattle,57204.57,Gold,In-Store,60,21,36,3676.67,105.96
CUST-11079,18.0,Female,Atlanta,39414.63,Silver,In-Store,14,23,15,1005.62,39.75
CUST-10188,59.0,Female,Denver,44832.14,Basic,Mobile App,56,21,14,1038.4,42.62
CUST-10426,54.0,Female,Portland,78181.68,Gold,Mobile App,35,3,34,4693.73,134.93
CUST-10582,55.0,Male,Austin,103211.72,Silver,Mobile App,18,82,5,976.07,286.77
CUST-10313,49.0,Female,New York,46610.75,Basic,Online,32,29,15,543.52,29.85
CUST-10250,36.0,Male,Atlanta,27470.68,Silver,Mobile App,34,24,12,353.54,15.8
CUST-10644,58.0,Female,Atlanta,112373.41,Silver,Mobile App,34,58,4,1892.94,442.25
CUST-10913,18.0,Female,Portland,38500.83,Basic,In-Store,1,90,3,45.28,42.78
CUST-10626,53.0,Female,Portland,88591.18,Silver,In-Store,24,69,2,2917.78,291.31
CUST-10509,41.0,Male,Houston,83922.96,Basic,Mobile App,40,9,23,4132.53,149.71
CUST-10529,62.0,Non-Binary,Houston,96326.71,Gold,Online,38,11,19,3261.26,157.4
CUST-10541,54.0,Female,Los Angeles,96442.82,Silver,Online,30,11,17,4244.61,136.45
CUST-10846,28.0,Female,Seattle,33405.19,Basic,Mobile App,2,48,1,167.24,60.08
CUST-10632,42.0,Non-Binary,Seattle,135268.28,Platinum,Mobile App,6,34,5,2195.06,478.45
CUST-10894,28.0,Male,Chicago,42592.42,Basic,Online,6,65,2,68.24,56.12
CUST-10255,67.0,Male,Austin,39551.73,Gold,Online,32,23,17,415.86,19.75
CUST-10961,32.0,Male,Los Angeles,43816.88,Silver,Mobile App,4,109,2,0.0,58.43
CUST-10840,45.0,Female,New York,43763.86,Basic,Online,1,61,0,156.03,30.87
CUST-10052,30.0,Non-Binary,New York,38486.0,Silver,Online,25,37,22,646.24,30.67
CUST-10906,32.0,Female,Denver,45336.01,Silver,Mobile App,1,91,0,185.99,46.2
CUST-10440,45.0,Female,Seattle,95035.74,Gold,Online,59,19,13,4437.05,166.38
CUST-10094,37.0,Male,Phoenix,46872.21,Gold,Online,25,2,5,229.87,12.59
CUST-11181,28.0,Male,Austin,39870.21,Basic,In-Store,14,11,19,953.39,31.65
CUST-10396,39.0,Female,Miami,72208.73,Silver,Online,30,7,29,3262.07,115.07
CUST-10103,36.0,Male,Austin,39833.36,Gold,Online,38,25,10,816.08,30.15
CUST-10505,31.0,Male,Atlanta,57381.19,Gold,Mobile App,37,14,26,5841.17,163.06
CUST-10320,36.0,Female,Seattle,30842.65,Silver,Mobile App,23,46,6,551.68,25.06
CUST-10911,36.0,Male,Chicago,68422.94,Basic,Mobile App,1,32,0,219.49,45.25
CUST-10562,68.0,Female,Miami,97865.16,Basic,In-Store,25,73,6,3042.67,334.4
CUST-10233,32.0,Female,Los Angeles,30509.58,Gold,Online,12,14,22,820.37,18.32
CUST-11010,31.0,Male,Los Angeles,41324.19,Basic,Online,30,21,18,1100.26,33.41
CUST-10602,55.0,Female,Seattle,94558.46,Basic,Online,39,82,5,619.83,514.84
CUST-10716,55.0,Female,Austin,83209.13,Gold,In-Store,40,21,7,2414.37,398.78
CUST-10606,48.0,Female,Atlanta,130756.67,Silver,Mobile App,14,126,9,3514.02,365.31
CUST-10418,41.0,Male,Atlanta,82647.5,Gold,Online,25,7,26,3200.61,94.09
CUST-10941,30.0,Male,Austin,51229.1,Silver,In-Store,5,54,2,132.8,50.7
CUST-10202,48.0,Female,Portland,43162.98,Gold,Mobile App,36,33,14,801.71,28.27
CUST-10212,65.0,Female,Houston,39684.03,Basic,In-Store,18,24,21,861.63,33.31
CUST-10910,18.0,Female,Los Angeles,59044.95,Basic,Mobile App,2,82,3,83.94,84.77
CUST-10849,29.0,Male,Denver,38883.3,Gold,Mobile App,3,122,3,130.29,55.51
CUST-10517,55.0,Female,Seattle,61077.74,Silver,Online,59,18,22,3769.14,125.41
CUST-10048,54.0,Male,Seattle,21057.22,Basic,Online,38,26,16,634.2,20.48
CUST-10864,41.0,Female,Phoenix,33677.14,Basic,In-Store,3,51,1,127.44,59.67
CUST-10027,45.0,Female,Los Angeles,46822.65,Silver,Online,34,15,12,674.85,28.16
CUST-10787,22.0,Male,Atlanta,27785.81,Basic,Online,4,110,0,186.12,41.51
CUST-10095,34.0,Female,Miami,45076.11,Silver,Online,39,34,16,802.65,43.76
CUST-11090,27.0,Male,Denver,56701.1,Basic,Mobile App,10,14,16,465.99,41.13
CUST-11097,27.0,Female,New York,47711.29,Platinum,In-Store,7,12,15,993.66,47.15
CUST-10709,53.0,Male,Chicago,113498.26,Basic,In-Store,33,82,5,2674.93,236.83
CUST-11134,20.0,Male,Denver,46828.85,Gold,Online,8,16,11,1114.04,44.51
CUST-11151,18.0,Male,Atlanta,30283.49,Basic,Online,5,21,12,1450.54,45.16
CUST-10339,54.0,Female,New York,32797.74,Silver,In-Store,34,27,19,686.69,28.85
CUST-10854,24.0,Female,Los Angeles,27552.69,Gold,Online,2,86,3,236.29,33.18
CUST-10297,37.0,Male,Phoenix,29266.95,Gold,In-Store,10,17,16,661.54,30.56
CUST-10136,48.0,Male,Miami,40954.74,Silver,In-Store,38,15,10,470.51,32.35
CUST-10721,53.0,Female,Chicago,112507.46,Silver,Online,8,73,5,2508.18,180.45
CUST-10224,57.0,Male,Portland,48468.23,Silver,Online,5,27,20,1071.55,40.98
CUST-10686,46.0,Female,Atlanta,94027.53,Basic,Online,13,70,8,1643.36,351.24
CUST-10466,44.0,Female,Denver,88853.68,Gold,Online,47,5,28,5300.64,216.05
CUST-11036,23.0,Female,New York,55633.29,Basic,Online,4,22,25,815.81,43.56
CUST-10149,50.0,Female,Seattle,35253.34,Silver,Mobile App,36,14,15,437.3,18.72
CUST-10983,18.0,Female,Denver,45219.25,Gold,Mobile App,5,52,2,130.43,69.74
CUST-10286,38.0,Non-Binary,Houston,39733.76,Gold,Online,34,28,8,470.9,24.45
CUST-10650,57.0,Male,New York,93621.64,Silver,Online,32,40,5,3169.23,288.45
CUST-11013,29.0,Female,Chicago,47524.7,Silver,Mobile App,23,21,20,862.07,44.31
CUST-10117,46.0,Female,Los Angeles,42295.12,Basic,Online,36,22,14,839.92,34.86
CUST-10140,34.0,Female,Los Angeles,43842.13,Basic,Online,22,33,22,620.91,9.84
CUST-10710,45.0,Male,Miami,75187.88,Basic,Mobile App,29,104,7,3695.29,398.33
CUST-10287,55.0,Female,Boston,25526.59,Basic,Online,16,37,10,497.66,26.96
CUST-10503,39.0,Male,Portland,74626.53,Gold,Online,46,17,33,5574.29,111.04
CUST-10007,34.0,Female,Denver,43996.37,Basic,Online,23,36,14,654.0,27.82
CUST-10078,52.0,Female,Houston,48866.0,Gold,Online,23,6,13,807.6,35.81
CUST-10903,23.0,Male,Seattle,34664.52,Basic,In-Store,5,100,1,83.76,16.2
CUST-10406,48.0,Male,Boston,113364.04,Gold,Online,43,20,19,3842.43,163.73
CUST-10927,27.0,Female,Phoenix,41535.36,Silver,Online,1,130,3,76.68,72.56
CUST-10945,33.0,Female,Boston,49536.24,Basic,In-Store,2,72,1,152.63,54.8
CUST-10053,37.0,Male,Miami,36857.6,Basic,Online,38,3,15,963.69,28.21
CUST-10948,25.0,Male,Seattle,39027.35,Gold,In-Store,1,83,0,67.89,60.95
CUST-10700,43.0,Female,Portland,111679.99,Silver,Online,32,97,6,2679.13,316.76
CUST-11021,24.0,Male,Denver,41762.11,Silver,In-Store,15,13,7,716.8,43.85
CUST-10279,45.0,Female,Portland,31618.8,Platinum,Mobile App,1,17,17,720.76,44.9
CUST-10395,54.0,Female,Los Angeles,80666.38,Basic,Mobile App,39,13,30,4612.01,89.21
CUST-10464,48.0,Female,Austin,101698.32,Basic,Online,32,22,28,3358.17,138.47
CUST-10792,40.0,Female,Seattle,54762.85,Basic,Online,1,83,1,134.89,54.05
CUST-10020,35.0,Female,Boston,17834.16,Basic,Online,15,16,11,859.8,37.5
CUST-10190,31.0,Female,Boston,34422.92,Basic,Online,23,28,12,826.04,22.55
CUST-10735,39.0,Female,Boston,139096.57,Basic,Mobile App,35,50,6,2863.54,297.42
CUST-10309,50.0,Non-Binary,Austin,47693.575,Basic,Online,3,23,12,976.16,38.5
CUST-11001,31.0,Male,New York,44676.87,Silver,In-Store,13,17,9,622.54,30.75
CUST-10660,21.0,Female,Austin,93115.42,Basic,Mobile App,13,40,4,1268.95,418.59
CUST-10316,42.0,Male,Denver,42658.43,Gold,Online,26,26,12,684.78,13.89
CUST-10535,75.0,Female,Austin,47693.575,Basic,Online,55,14,25,5420.08,129.27
CUST-10261,38.0,Female,New York,25723.06,Gold,Online,3,32,19,802.81,14.53
CUST-11100,29.0,Male,Phoenix,39046.88,Basic,Mobile App,20,18,16,549.05,44.19
CUST-10128,45.0,Female,Miami,36456.38,Basic,Mobile App,27,25,10,990.65,10.1
CUST-11083,26.0,Female,Houston,22882.41,Basic,In-Store,26,18,13,1559.71,34.58
CUST-10756,31.0,Female,Denver,34933.78,Basic,Mobile App,1,90,2,88.55,39.5
CUST-10980,33.0,Female,Los Angeles,45723.74,Basic,In-Store,1,127,4,160.92,13.45
CUST-10329,56.0,Female,Atlanta,37008.35,Basic,Mobile App,45,14,12,514.0,21.14
CUST-10831,30.0,Male,Denver,40925.56,Basic,In-Store,1,62,3,141.93,78.73
CUST-10256,41.0,Male,Boston,44733.14,Silver,Online,29,7,15,652.92,14.17
CUST-10524,41.0,Female,Phoenix,98129.92,Basic,Mobile App,27,11,30,5710.14,191.45
CUST-10196,45.0,Male,Houston,54206.91,Basic,Online,40,15,10,582.36,26.31
CUST-10302,42.0,Female,Atlanta,41052.34,Silver,Online,26,33,17,1010.39,21.42
CUST-10109,23.0,Female,Portland,45167.89,Gold,In-Store,44,45,18,583.49,22.61
CUST-10135,34.0,Male,Denver,40027.9,Silver,Online,4,23,17,423.8,23.28
CUST-10014,30.0,Female,Miami,50109.93,Silver,Online,38,18,16,805.79,23.58
CUST-10873,31.0,Female,Phoenix,60739.37,Silver,Online,4,114,2,189.76,75.04
CUST-10843,25.0,Male,Atlanta,43973.67,Gold,In-Store,1,103,0,153.84,92.92
CUST-10042,21.0,Male,Austin,43364.17,Silver,Online,20,19,14,615.5,17.75
CUST-10659,41.0,Male,Los Angeles,78297.71,Silver,In-Store,25,87,2,1462.55,232.55
CUST-10807,29.0,Male,New York,57420.34,Basic,Online,1,102,0,59.79,69.37
CUST-10657,53.0,Male,Denver,162091.38,Silver,In-Store,33,72,2,1659.18,275.04
CUST-10956,46.0,Female,New York,34868.28,Gold,In-Store,2,69,4,154.61,47.2
CUST-10063,40.0,Female,Portland,49051.7,Basic,Mobile App,38,15,10,405.13,24.44
CUST-10422,42.0,Male,Phoenix,90588.06,Basic,Online,58,8,19,3971.45,139.03
CUST-10077,35.0,Female,Denver,30017.65,Silver,Mobile App,10,15,17,993.48,20.12
CUST-10534,48.0,Female,Austin,114486.99,Gold,Online,53,9,18,4127.57,113.8
CUST-10508,51.0,Male,Atlanta,95814.59,Silver,Online,31,11,29,4224.94,172.84
CUST-10056,55.0,Female,New York,41607.34,Basic,In-Store,24,4,12,417.6,39.62
CUST-10153,51.0,Female,Atlanta,38314.45,Silver,Mobile App,26,51,14,655.04,28.21
CUST-11092,24.0,Female,Phoenix,27325.07,Gold,Online,1,7,16,813.17,27.62
CUST-10411,41.0,Male,Miami,76391.57,Basic,Online,58,6,43,3205.33,170.88
CUST-10958,26.0,Female,Phoenix,38386.99,Silver,Online,3,76,2,0.0,35.24
CUST-10608,46.0,Female,New York,102041.58,Silver,Mobile App,28,57,5,2740.87,469.45
CUST-10348,43.0,Male,Portland,104342.71,Basic,Online,53,16,27,5190.09,89.5
CUST-10879,30.0,Female,Atlanta,59195.24,Basic,Mobile App,10,99,0,138.37,73.21
CUST-10865,38.0,Male,Boston,52791.67,Basic,Online,1,40,2,55.54,21.3
CUST-10353,33.0,Male,Chicago,72726.82,Platinum,Online,51,15,24,3257.72,123.57
CUST-10372,48.0,Female,New York,106719.13,Gold,Online,42,13,32,4032.89,135.16
CUST-10814,42.0,Female,New York,27672.59,Basic,In-Store,4,115,1,83.4,68.57
CUST-10228,30.0,Female,Boston,38193.44,Basic,Online,17,24,16,857.4,31.17
CUST-10285,42.0,Male,Portland,34006.65,Silver,Online,42,43,2,379.58,26.35
CUST-11143,28.0,Male,Seattle,40391.61,Silver,Mobile App,17,13,14,590.97,47.78
CUST-10591,50.0,Male,Phoenix,122691.35,Gold,In-Store,13,59,6,1274.55,344.39
CUST-11155,22.0,Male,Phoenix,38868.93,Gold,Online,14,13,20,788.16,42.85
CUST-10274,35.0,Non-Binary,New York,26747.11,Basic,Online,1,30,21,618.53,30.32
CUST-10712,50.0,Female,Boston,82116.09,Silver,In-Store,49,12,1,2805.36,320.48
CUST-10172,53.0,Male,New York,34491.76,Gold,Mobile App,29,27,10,1036.36,25.19
CUST-10741,34.0,Non-Binary,Miami,48523.0,Gold,Mobile App,8,54,2,64.93,54.96
CUST-10810,30.0,Female,Chicago,48387.49,Silver,Online,6,68,0,70.82,48.34
CUST-10089,62.0,Male,Austin,31312.54,Silver,In-Store,19,16,22,1395.49,39.85
CUST-11011,32.0,Male,Austin,33520.69,Platinum,Online,12,6,27,1089.47,34.34
CUST-10185,54.0,Female,Houston,20087.79,Gold,Online,19,48,7,434.47,25.63
CUST-10276,56.0,Female,New York,40219.75,Silver,Online,42,26,11,452.21,30.36
CUST-10774,29.0,Female,Atlanta,48479.83,Basic,Mobile App,7,83,3,44.52,63.74
CUST-10751,34.0,Female,Atlanta,58895.25,Basic,Online,5,108,2,193.12,58.53
CUST-10105,44.0,Male,Austin,35320.5,Platinum,In-Store,36,20,2,562.33,18.03
CUST-10739,49.0,Female,Boston,104881.31,Silver,Mobile App,21,72,5,2853.3,356.78
CUST-10984,26.0,Female,Austin,39682.32,Basic,Online,2,129,1,48.22,37.04
CUST-10384,40.0,Female,New York,90419.85,Basic,Online,37,0,20,5126.07,62.16
CUST-11078,24.0,Male,Denver,43803.07,Basic,Online,16,10,10,1256.97,24.38
CUST-10874,30.0,Female,New York,46149.88,Gold,In-Store,9,84,1,113.16,65.35
CUST-10949,21.0,Female,Los Angeles,58722.32,Basic,Online,9,85,3,128.21,38.96
CUST-10638,34.0,Male,Houston,143976.04,Basic,In-Store,21,70,2,2274.93,406.75
CUST-11195,28.0,Female,Los Angeles,40261.37,Gold,Mobile App,7,8,24,899.32,14.87
CUST-10238,54.0,Female,Portland,37293.97,Platinum,Mobile App,31,67,11,922.64,36.75
CUST-10576,59.0,Female,Houston,89656.41,Platinum,Mobile App,53,67,5,786.34,360.41
CUST-10445,45.0,Male,Seattle,112543.04,Basic,Online,39,2,18,3908.63,169.85
CUST-10656,44.0,Female,Atlanta,93499.72,Gold,Online,1,37,6,3385.06,467.45
CUST-10271,40.0,Female,Austin,35603.62,Silver,Online,17,40,20,640.99,32.08
CUST-10463,42.0,Female,Atlanta,77915.25,Basic,In-Store,86,3,23,4688.83,177.78
CUST-10685,44.0,Female,Seattle,106717.31,Silver,Online,27,35,6,1699.73,290.2
CUST-11192,26.0,Male,Austin,32767.32,Platinum,In-Store,12,25,27,1151.85,16.45
CUST-10519,34.0,Female,Boston,76810.63,Silver,Online,63,12,19,3675.56,148.98
CUST-10746,51.0,Female,New York,34381.52,Silver,Online,3,85,3,134.28,53.25
CUST-11059,23.0,Female,Chicago,38519.1,Silver,Online,14,15,27,1003.97,47.03
CUST-10612,64.0,Male,Boston,147487.38,Basic,Online,36,65,9,2146.72,429.9
CUST-10868,38.0,Male,Austin,33942.47,Gold,Mobile App,10,56,4,70.49,29.56
CUST-10575,42.0,Male,Denver,93671.52,Gold,Online,14,61,4,2094.02,392.89
CUST-10904,24.0,Male,Houston,33070.81,Platinum,Online,8,78,2,118.93,27.86
CUST-10828,18.0,Male,Los Angeles,51709.15,Gold,Online,2,59,2,163.32,57.1
CUST-10195,38.0,Male,Atlanta,60110.04,Platinum,In-Store,69,27,6,579.51,42.72
CUST-10005,37.0,Female,New York,45647.96,Gold,Mobile App,31,12,13,349.76,27.09
CUST-10179,58.0,Male,Los Angeles,24288.23,Gold,Mobile App,9,32,19,559.31,29.85
CUST-10062,40.0,Male,Miami,43049.49,Silver,Mobile App,36,25,14,768.22,22.36
CUST-10240,47.0,Female,Austin,35072.04,Platinum,In-Store,37,29,13,650.66,19.52
CUST-10574,52.0,Male,Seattle,146905.67,Platinum,Online,35,78,6,2653.62,227.14
CUST-10098,41.0,Male,Denver,39375.13,Gold,Online,15,26,13,769.81,25.41
CUST-10522,56.0,Male,Boston,82605.07,Silver,Mobile App,34,7,20,4481.24,70.16
CUST-10158,22.0,Female,Phoenix,43925.08,Basic,In-Store,36,22,10,884.45,31.9
CUST-11110,28.0,Female,Portland,42855.9,Gold,Mobile App,19,8,20,1070.87,48.08
CUST-10863,19.0,Female,Austin,59725.53,Silver,Online,1,99,2,111.43,49.88
CUST-10485,54.0,Male,Atlanta,104789.41,Basic,Online,65,7,40,4777.47,98.3
CUST-10693,48.0,Male,Miami,88376.03,Silver,In-Store,45,72,9,2401.88,319.15
CUST-10401,50.0,Female,Austin,88756.04,Silver,Mobile App,51,8,25,6259.99,96.1
CUST-11062,18.0,Male,Seattle,34415.49,Silver,Online,6,23,12,1057.02,35.19
CUST-10946,39.0,Male,Denver,38321.98,Gold,Mobile App,4,80,3,249.02,31.71
CUST-10248,32.0,Female,Seattle,15000.0,Silver,In-Store,40,31,19,751.29,31.12
CUST-11174,27.0,Male,Phoenix,47099.97,Basic,Online,23,7,29,877.45,36.1
CUST-10724,49.0,Female,Denver,127536.37,Platinum,Mobile App,29,0,6,2144.17,460.35
CUST-10596,49.0,Male,Phoenix,120795.26,Silver,Mobile App,6,110,5,2547.85,381.44
CUST-10691,45.0,Female,Seattle,133020.3,Basic,Online,10,51,2,3321.24,337.27
CUST-10447,32.0,Male,Phoenix,105001.38,Basic,In-Store,57,6,19,1402.93,95.06
CUST-10580,39.0,Female,Portland,101844.16,Basic,Online,27,25,5,824.98,310.51
CUST-11117,20.0,Female,Seattle,39295.57,Silver,Online,7,13,4,824.84,46.14
CUST-10778,22.0,Male,Austin,58729.26,Gold,In-Store,2,75,3,71.42,63.05
CUST-10789,32.0,Male,Denver,53713.03,Gold,Online,9,77,3,206.02,72.99
CUST-10924,27.0,Female,Austin,38399.72,Basic,In-Store,10,73,2,168.06,45.43
CUST-10157,45.0,Male,Boston,30294.05,Gold,Online,14,13,18,507.85,42.21
CUST-10469,48.0,Male,Austin,95964.06,Gold,Online,41,13,25,4832.08,195.39
CUST-10603,51.0,Non-Binary,Miami,146026.59,Silver,Online,11,61,4,1328.13,348.25
CUST-10777,34.0,Male,Austin,47330.47,Silver,Online,6,52,2,174.13,54.14
CUST-11114,18.0,Female,Houston,54077.5,Platinum,In-Store,17,21,22,848.61,38.54
CUST-10500,55.0,Male,Miami,88574.83,Basic,Online,45,6,31,3192.38,141.69
CUST-10029,33.0,Male,Boston,47693.575,Basic,Online,48,24,17,760.55,26.67
CUST-10726,47.0,Female,Los Angeles,112614.14,Silver,Online,43,102,7,2606.84,531.35
CUST-10139,25.0,Male,Portland,33656.44,Basic,In-Store,20,39,21,478.93,21.16
CUST-11157,20.0,Female,Boston,39190.02,Basic,Online,1,23,23,626.26,32.85
CUST-11028,22.0,Non-Binary,Chicago,30431.66,Silver,Online,6,11,16,929.31,48.75
CUST-10817,25.0,Female,Denver,32005.68,Platinum,Online,1,60,2,211.09,50.37
CUST-10482,49.0,Non-Binary,New York,106130.06,Silver,In-Store,50,12,28,4658.49,123.6
CUST-10815,42.0,Male,Austin,43645.99,Basic,Mobile App,4,101,3,159.67,61.69
CUST-10681,48.0,Male,New York,69292.31,Silver,Online,33,77,2,2428.78,417.27
CUST-10634,39.0,Male,New York,120293.62,Basic,Mobile App,37,93,2,1856.44,437.63
CUST-10101,57.0,Female,Houston,34603.51,Silver,In-Store,33,24,14,547.06,36.97
CUST-10794,41.0,Male,Seattle,57448.71,Platinum,Online,2,62,1,47.07,81.88
CUST-10102,29.0,Male,New York,38222.75,Gold,Online,14,26,13,767.88,45.01
CUST-10963,29.0,Male,Denver,32783.12,Basic,Online,1,118,2,38.17,74.61
CUST-10672,62.0,Male,Chicago,67658.59,Platinum,Online,19,35,5,2052.5,544.74
CUST-11139,22.0,Female,Portland,49501.78,Basic,Mobile App,8,17,15,1115.88,47.17
CUST-10972,27.0,Male,Miami,46571.36,Platinum,Online,7,146,0,222.99,37.68
CUST-10851,22.0,Male,Portland,41163.42,Basic,In-Store,2,13,1,95.39,57.16
CUST-10387,71.0,Male,Chicago,99299.72,Silver,Online,49,11,28,4965.84,145.82
CUST-10011,18.0,Male,Houston,25543.75,Basic,In-Store,18,28,18,1031.38,31.61
CUST-10583,29.0,Female,Phoenix,119348.42,Basic,Online,1,104,8,1954.25,312.81
CUST-10668,45.0,Male,New York,131643.19,Silver,Online,18,84,1,2284.55,451.98
CUST-10944,47.0,Male,Atlanta,52344.51,Basic,Mobile App,5,55,3,240.05,45.22
CUST-10405,27.0,Male,Austin,109706.26,Basic,In-Store,29,2,36,4431.17,155.28
CUST-11168,25.0,Female,Los Angeles,21683.46,Silver,Online,11,14,26,1501.85,43.74
CUST-10654,49.0,Male,New York,104542.77,Silver,Mobile App,26,60,8,1540.54,362.48
CUST-10565,47.0,Female,Los Angeles,96065.75,Basic,Online,10,16,4,1723.82,188.54
CUST-10588,32.0,Female,Portland,111910.02,Basic,Online,21,63,6,1423.08,271.14
CUST-10816,42.0,Male,Boston,47587.09,Basic,Online,3,113,3,182.1,37.77
CUST-10113,46.0,Female,Houston,31462.14,Basic,Mobile App,22,33,11,430.8,30.75
CUST-10784,30.0,Male,Portland,35084.28,Silver,In-Store,4,23,2,120.14,45.27
CUST-10174,43.0,Male,Los Angeles,42595.3,Basic,In-Store,42,18,14,500.13,48.35
CUST-10201,33.0,Female,Austin,34953.2,Basic,Mobile App,49,36,10,323.39,39.93
CUST-10013,50.0,Female,Phoenix,49211.64,Basic,Mobile App,16,1,6,494.81,17.24
CUST-11109,27.0,Female,Atlanta,38875.77,Basic,In-Store,18,16,26,711.74,55.08
CUST-10171,20.0,Female,Houston,54964.98,Platinum,Online,23,17,13,976.61,13.71
CUST-10722,66.0,Female,Miami,120362.95,Basic,In-Store,14,50,1,2024.78,304.42
CUST-10119,39.0,Female,Portland,33225.08,Silver,In-Store,25,12,14,533.3,29.31
CUST-11175,25.0,Male,Phoenix,33988.35,Gold,In-Store,12,16,16,757.38,32.41
CUST-10097,56.0,Female,Boston,30240.48,Basic,Mobile App,26,11,4,453.19,21.6
CUST-10833,28.0,Female,Phoenix,40997.93,Gold,In-Store,4,121,4,121.63,72.09
CUST-10836,37.0,Female,Atlanta,37114.22,Gold,Online,1,92,0,146.65,67.65
CUST-10521,48.0,Male,Seattle,91780.06,Silver,Mobile App,39,12,32,2834.57,146.25
CUST-10003,44.0,Female,New York,30621.14,Basic,In-Store,52,25,13,846.36,29.12
CUST-10526,47.0,Female,Seattle,90464.5,Basic,Mobile App,38,6,24,5009.41,208.29
CUST-10391,62.0,Female,Los Angeles,103050.01,Gold,Online,42,8,24,4335.97,71.11
CUST-10318,40.0,Male,Miami,28421.32,Silver,Online,38,11,7,707.55,24.06
CUST-10382,58.0,Female,Houston,116485.78,Gold,Online,40,5,25,5608.11,138.61
CUST-10424,36.0,Female,Phoenix,83184.85,Platinum,Online,55,4,28,3554.64,117.24
CUST-10525,63.0,Male,Portland,87912.76,Basic,Online,48,7,21,6529.9,171.87
CUST-10242,60.0,Female,Austin,35195.94,Basic,Mobile App,26,37,2,372.62,42.66
CUST-10799,35.0,Non-Binary,Atlanta,56478.31,Silver,Mobile App,5,63,2,115.2,16.44
CUST-10771,23.0,Female,Boston,40509.58,Basic,Online,1,24,0,41.85,81.95
CUST-11093,26.0,Female,Boston,40066.73,Basic,Online,21,9,15,345.94,13.27
CUST-10398,42.0,Male,Los Angeles,116760.02,Platinum,In-Store,74,5,30,4051.68,197.69
CUST-10397,49.0,Male,Atlanta,74474.95,Basic,Mobile App,40,8,26,7607.17,208.23
CUST-10477,39.0,Male,Boston,99743.46,Basic,Online,33,11,32,4276.73,147.52
CUST-10163,38.0,Female,Seattle,21744.45,Basic,Online,40,13,13,597.6,46.81
CUST-10559,47.0,Female,Phoenix,119878.9,Silver,In-Store,31,13,37,4365.01,158.87
CUST-10288,24.0,Male,Houston,39025.34,Basic,Online,35,31,10,661.24,27.36
CUST-10435,53.0,Male,New York,87784.94,Basic,Mobile App,55,6,39,2779.9,139.22
CUST-10806,35.0,Male,New York,26205.81,Gold,Online,1,97,2,181.9,48.51
CUST-10776,36.0,Male,Los Angeles,46507.77,Basic,Online,1,4,3,53.0,55.11
CUST-10643,39.0,Female,Austin,49835.3,Basic,Online,35,47,3,1924.32,442.6
CUST-10550,37.0,Male,Seattle,84290.54,Basic,Mobile App,39,2,26,3438.13,110.23
CUST-11014,21.0,Male,New York,26330.28,Basic,Online,15,10,25,863.14,49.0
CUST-10493,34.0,Male,Los Angeles,94641.36,Basic,In-Store,44,7,27,4291.01,138.39
CUST-10552,70.0,Male,Houston,81684.56,Basic,Mobile App,65,24,35,5383.65,146.54
CUST-11178,26.0,Male,Chicago,52374.86,Basic,Online,19,3,13,233.99,56.52
CUST-10568,53.0,Female,Denver,89431.7,Basic,Online,17,79,8,2794.58,400.68
CUST-10277,34.0,Female,Los Angeles,37596.46,Basic,Online,39,28,15,873.13,33.19
CUST-10084,33.0,Male,Denver,40704.92,Silver,In-Store,52,24,17,226.66,20.58
CUST-10133,46.0,Female,Denver,53614.24,Basic,Mobile App,22,9,9,899.69,29.64
CUST-10209,42.0,Male,Austin,33146.32,Basic,In-Store,14,8,19,692.25,21.75
CUST-11018,18.0,Male,Phoenix,42316.49,Platinum,Online,11,3,9,1088.93,42.1
CUST-10896,35.0,Female,Phoenix,44511.0,Platinum,In-Store,4,103,1,25.13,49.37
CUST-10342,56.0,Male,Austin,47693.575,Basic,Online,52,15,23,2729.2,143.02
CUST-10169,39.0,Male,Chicago,41336.23,Silver,Mobile App,69,12,14,475.88,25.79
CUST-10795,45.0,Female,Boston,42436.27,Silver,In-Store,4,83,3,149.6,26.4
CUST-10192,44.0,Male,Houston,38252.18,Basic,Mobile App,46,7,14,514.54,31.33
CUST-11052,21.0,Female,Miami,39041.67,Silver,In-Store,10,13,18,543.52,29.68
CUST-10206,32.0,Non-Binary,Atlanta,49070.61,Silver,Mobile App,39,33,11,975.55,42.85
CUST-10386,59.0,Male,Los Angeles,120454.36,Gold,In-Store,71,3,32,2294.87,125.13
CUST-10312,51.0,Non-Binary,Portland,53018.72,Silver,Mobile App,23,23,13,1044.43,29.79
CUST-10556,24.0,Female,Los Angeles,94769.34,Silver,In-Store,53,8,20,5907.08,94.93
CUST-10928,18.0,Male,Houston,50018.58,Silver,Mobile App,1,130,0,78.28,93.95
CUST-10134,44.0,Male,Miami,47693.575,Silver,Mobile App,26,27,16,630.09,38.09
CUST-10933,32.0,Male,New York,23950.44,Basic,Online,5,74,2,149.55,34.99
CUST-10187,51.0,Male,Houston,21560.36,Gold,In-Store,31,17,14,725.7,37.82
CUST-10270,49.0,Non-Binary,Phoenix,46318.61,Silver,In-Store,53,11,9,853.89,47.96
CUST-10692,57.0,Female,Phoenix,115918.28,Silver,Mobile App,5,67,5,2376.41,407.65
CUST-10307,48.0,Female,Los Angeles,29600.98,Silver,Online,19,43,10,610.86,15.92
CUST-10090,41.0,Male,Los Angeles,32843.21,Basic,Online,34,36,14,625.74,9.27
CUST-10083,52.0,Non-Binary,Austin,47693.575,Basic,Mobile App,41,11,10,676.17,29.57
CUST-10757,24.0,Female,Seattle,67165.39,Basic,Mobile App,3,106,3,164.08,80.55
CUST-11039,27.0,Male,Atlanta,24840.84,Gold,Online,9,28,9,972.59,33.05
CUST-10579,34.0,Male,Portland,103112.3,Silver,In-Store,24,55,6,1579.79,196.41
CUST-10609,44.0,Male,Portland,133573.17,Basic,Online,41,94,3,2819.78,403.47
CUST-10520,46.0,Male,Los Angeles,87550.77,Gold,Mobile App,74,2,24,2796.2,99.08
CUST-10553,34.0,Female,Miami,121602.25,Silver,Mobile App,31,19,30,4066.49,154.65
CUST-10114,42.0,Male,Austin,32947.84,Basic,Online,11,0,11,551.51,31.52
CUST-10629,55.0,Non-Binary,Los Angeles,159419.61,Basic,Mobile App,36,81,4,1678.22,379.81
CUST-10220,48.0,Female,Los Angeles,39170.23,Gold,In-Store,10,0,8,465.27,26.82
CUST-10107,29.0,Female,Phoenix,49733.78,Basic,Online,28,25,20,422.64,26.47
CUST-10336,32.0,Female,Atlanta,47675.86,Basic,In-Store,11,32,16,701.5,23.64
CUST-10876,46.0,Female,Austin,49899.48,Silver,Mobile App,5,88,3,74.17,106.95
CUST-10394,50.0,Male,Atlanta,98668.52,Basic,Mobile App,54,12,28,4551.9,137.55
CUST-10920,35.0,Male,Austin,47770.29,Basic,Online,1,94,2,152.29,66.75
CUST-10658,43.0,Male,Los Angeles,111570.28,Basic,In-Store,20,58,5,3560.65,322.73
CUST-10480,61.0,Female,Phoenix,60210.41,Basic,Online,61,2,26,4134.23,143.37
CUST-10058,18.0,Female,Phoenix,47693.575,Platinum,Mobile App,34,28,7,498.96,13.86
CUST-10622,56.0,Female,Denver,124108.12,Basic,Online,23,31,7,3260.41,430.1
CUST-11167,25.0,Female,Denver,29034.09,Silver,In-Store,10,10,15,659.02,31.66
CUST-11043,18.0,Male,New York,27239.81,Gold,Mobile App,1,35,20,1254.73,47.96
CUST-10028,54.0,Male,Houston,19485.24,Gold,In-Store,46,17,18,618.58,10.94
CUST-10821,37.0,Male,Denver,18966.71,Gold,In-Store,6,96,2,131.81,74.39
CUST-10965,20.0,Female,Miami,36320.91,Silver,Mobile App,6,98,2,178.25,37.67
CUST-10897,31.0,Female,Chicago,47129.15,Basic,In-Store,4,84,1,111.81,70.2
CUST-10416,50.0,Non-Binary,Houston,94617.85,Platinum,Online,76,5,19,4311.73,108.65
CUST-10952,32.0,Female,Portland,45383.07,Silver,Online,4,107,1,197.79,53.2
CUST-11182,25.0,Male,Chicago,33943.93,Platinum,In-Store,14,21,27,1051.54,24.24
CUST-10996,18.0,Female,Phoenix,50289.2,Silver,Online,5,85,3,108.15,99.17
CUST-10036,47.0,Male,Chicago,29329.24,Platinum,In-Store,14,0,14,721.28,30.12
CUST-10955,28.0,Female,Phoenix,53123.34,Basic,Online,6,91,3,45.19,94.6
CUST-10905,26.0,Male,Boston,39590.49,Silver,Online,1,94,2,108.64,40.13
CUST-10280,43.0,Female,Portland,43466.79,Silver,Online,36,60,18,440.0,21.41
CUST-10331,38.0,Female,Miami,38286.8,Platinum,Online,52,7,8,93.54,43.11
CUST-10160,27.0,Female,Miami,46894.66,Silver,In-Store,45,16,16,533.87,43.26
CUST-10694,50.0,Male,Austin,104170.12,Silver,Online,47,64,5,2264.67,367.1
CUST-10939,40.0,Female,Atlanta,67338.08,Gold,Mobile App,1,91,3,40.58,52.93
CUST-10527,59.0,Male,Denver,110186.04,Basic,Mobile App,55,14,27,5879.42,130.05
CUST-10599,39.0,Female,New York,136165.26,Platinum,In-Store,12,5,3,1953.33,428.95
CUST-10496,27.0,Female,New York,98540.21,Basic,Online,65,20,13,5384.68,203.22
CUST-10125,36.0,Male,Houston,32717.89,Basic,In-Store,34,21,11,541.16,26.38
CUST-10718,46.0,Male,Chicago,117372.48,Gold,Online,42,77,0,912.11,262.71
CUST-11131,26.0,Male,Denver,39780.53,Silver,Online,16,3,23,1798.63,40.59
CUST-10902,23.0,Female,Houston,25801.15,Silver,In-Store,3,70,2,47.16,57.98
CUST-10866,32.0,Non-Binary,Seattle,59154.6,Basic,Online,2,111,2,104.55,68.05
CUST-10118,44.0,Male,Houston,47909.84,Basic,In-Store,40,10,9,392.05,34.4
CUST-11165,21.0,Male,New York,43525.69,Silver,Online,18,13,10,709.12,42.19
CUST-10156,52.0,Female,New York,32583.6,Basic,In-Store,32,10,19,748.12,33.46
CUST-11064,24.0,Female,Austin,46826.01,Basic,Mobile App,3,14,13,1177.07,35.68
CUST-10433,70.0,Male,Chicago,98945.95,Gold,Online,37,1,29,2846.53,130.93
CUST-10728,50.0,Female,Houston,112679.04,Platinum,Mobile App,17,101,7,2765.65,489.82
CUST-10459,60.0,Male,Miami,100516.19,Basic,In-Store,51,8,27,4470.91,181.24
CUST-10244,47.0,Male,Denver,31339.85,Silver,Mobile App,27,51,15,951.66,13.51
CUST-11120,18.0,Male,New York,45216.59,Basic,In-Store,1,8,13,1037.5,45.87
CUST-10523,59.0,Female,Chicago,129607.93,Basic,In-Store,39,9,34,3288.59,166.78
CUST-10415,46.0,Female,Boston,82251.51,Silver,Online,48,10,27,5282.85,132.01
CUST-10749,23.0,Non-Binary,Miami,56740.82,Gold,Mobile App,2,76,1,76.6,92.24
CUST-10375,50.0,Female,Boston,103683.6,Basic,In-Store,74,0,20,4343.9,117.43
CUST-10354,43.0,Male,Austin,67330.33,Gold,Online,55,9,27,2705.48,185.28
CUST-10674,50.0,Male,Boston,148742.53,Silver,In-Store,11,78,5,1354.74,356.03
CUST-10453,45.0,Male,Los Angeles,100309.31,Gold,Online,68,1,22,3829.98,152.79
CUST-10615,40.0,Male,Miami,107443.13,Basic,Online,17,17,8,1645.74,257.96
CUST-11009,21.0,Female,New York,61438.4,Gold,In-Store,17,6,13,754.77,27.11
CUST-11033,24.0,Female,Los Angeles,27004.7,Gold,Mobile App,11,19,15,419.07,17.99
CUST-10021,18.0,Male,Los Angeles,37165.11,Basic,In-Store,21,26,11,53.54,27.73
CUST-11023,21.0,Male,Denver,35712.87,Gold,Online,9,23,23,750.72,32.47
CUST-11138,23.0,Male,Phoenix,37431.86,Silver,Online,1,0,18,756.38,14.62
CUST-10032,52.0,Female,Portland,39741.39,Basic,Mobile App,39,44,19,721.45,18.56
CUST-11102,20.0,Female,Miami,42462.4,Silver,In-Store,24,14,15,723.45,21.75
CUST-11159,31.0,Female,Austin,54420.7,Gold,Mobile App,26,17,20,607.15,32.42
CUST-10092,45.0,Male,Miami,38615.9,Silver,Online,30,38,13,627.27,41.17
CUST-11048,28.0,Female,Houston,48245.0,Silver,Online,7,0,19,1000.09,44.91
CUST-10054,32.0,Female,Houston,64627.34,Gold,Online,39,28,9,323.21,41.82
CUST-10457,62.0,Female,Austin,103544.73,Basic,Mobile App,60,14,24,3448.2,121.12
CUST-10461,54.0,Male,Chicago,102742.56,Basic,In-Store,51,5,26,3386.49,184.91
CUST-10926,24.0,Female,Miami,25043.92,Basic,In-Store,5,54,0,134.74,72.47
CUST-10436,41.0,Male,Miami,102402.46,Gold,In-Store,71,3,31,4352.04,93.3
CUST-10688,49.0,Female,Seattle,86991.98,Basic,Online,29,96,3,3425.17,446.34
CUST-10442,51.0,Male,Denver,89354.79,Basic,Online,59,5,34,2977.85,154.79
CUST-10630,54.0,Male,Phoenix,87982.8,Basic,Online,4,63,4,1806.21,468.98
CUST-10446,32.0,Female,Seattle,96567.36,Basic,Online,34,3,26,4523.19,122.04
CUST-10226,64.0,Female,Austin,47693.575,Basic,In-Store,38,38,6,287.98,38.6
CUST-10458,48.0,Male,Austin,85575.96,Gold,Online,53,14,30,3573.8,180.86
CUST-11065,26.0,Male,Houston,52088.0,Platinum,Online,19,24,18,1200.63,29.64
CUST-10265,29.0,Male,Boston,45248.04,Platinum,Online,47,38,8,965.75,37.39
CUST-10960,31.0,Male,Houston,49909.56,Basic,Mobile App,5,56,3,147.58,35.24
CUST-10779,25.0,Female,Chicago,26024.45,Basic,In-Store,6,75,1,208.08,59.51
CUST-11153,26.0,Female,Seattle,31506.25,Gold,Online,18,14,15,1367.83,47.45
CUST-10262,59.0,Female,Atlanta,44718.88,Silver,In-Store,26,35,15,713.42,29.43
CUST-10070,46.0,Male,Denver,36897.89,Basic,In-Store,38,32,21,749.22,27.07
CUST-10030,41.0,Male,New York,43984.09,Basic,Online,36,30,14,873.32,25.64
CUST-10860,25.0,Male,Miami,36264.3,Basic,Online,2,44,1,132.0,71.12
CUST-10871,25.0,Non-Binary,Atlanta,43197.98,Basic,Online,1,77,3,155.96,68.77
CUST-10601,59.0,Female,Phoenix,87757.46,Basic,Online,22,56,8,1924.78,440.57
CUST-10230,26.0,Male,Miami,42545.95,Basic,Online,20,37,12,976.49,14.08
CUST-10497,38.0,Female,Chicago,97443.25,Basic,Online,38,15,34,4821.53,130.07
CUST-10282,48.0,Female,Boston,31656.05,Gold,In-Store,37,27,11,599.3,31.23
CUST-10443,51.0,Male,Austin,123850.86,Basic,Online,38,2,26,2905.41,133.73
CUST-10327,36.0,Female,Phoenix,20120.02,Silver,In-Store,30,13,8,631.25,38.35
CUST-10962,26.0,Male,New York,60563.2,Silver,Mobile App,2,86,1,177.89,81.3
CUST-10572,33.0,Male,Phoenix,92623.23,Basic,Mobile App,10,61,4,1852.1,451.1
CUST-10627,28.0,Male,Los Angeles,143900.21,Basic,Online,23,34,2,2511.5,281.61
CUST-10985,31.0,Female,Portland,31956.04,Gold,In-Store,6,82,2,70.71,24.73
CUST-11122,31.0,Female,Phoenix,41679.62,Silver,Online,6,2,25,1842.07,40.96
CUST-10304,33.0,Non-Binary,Portland,36526.74,Silver,In-Store,34,16,11,641.54,30.26
CUST-10332,39.0,Male,Boston,24454.85,Silver,In-Store,31,24,16,716.0,17.97
CUST-10935,22.0,Male,Atlanta,52783.52,Silver,In-Store,5,75,3,200.03,36.37
CUST-10769,30.0,Male,Miami,27622.5,Basic,Online,4,103,2,134.04,72.73
CUST-11057,18.0,Female,Houston,46149.5,Silver,Online,9,26,18,1286.65,34.65
CUST-10159,34.0,Female,Los Angeles,51164.25,Basic,Online,9,18,7,1064.93,46.39
CUST-10425,43.0,Female,New York,87600.58,Basic,Online,49,9,33,3535.23,144.48
CUST-10852,28.0,Female,New York,51754.65,Silver,Online,1,71,1,100.2,64.04
CUST-10488,58.0,Female,New York,73336.05,Basic,Online,70,16,41,4262.76,154.17
CUST-10317,39.0,Male,Chicago,44161.28,Silver,Online,26,17,10,998.74,23.73
CUST-10263,30.0,Male,Portland,44650.6,Basic,In-Store,10,22,11,872.93,25.98
CUST-10099,71.0,Female,Houston,33501.72,Gold,Mobile App,13,33,6,627.66,40.77
CUST-10717,42.0,Female,Houston,121045.53,Basic,Online,10,37,5,1067.99,447.33
CUST-11030,26.0,Female,Boston,42060.19,Basic,Online,19,6,21,893.97,18.92
CUST-10848,18.0,Female,Houston,50498.88,Silver,Mobile App,2,52,1,144.81,5.0
CUST-11148,27.0,Female,Austin,54423.8,Basic,Online,19,18,19,561.42,10.32
CUST-10138,52.0,Male,Los Angeles,26309.11,Platinum,In-Store,40,28,12,886.44,32.36
CUST-10563,59.0,Male,Denver,85077.61,Silver,In-Store,29,15,3,1701.69,437.33
CUST-10059,21.0,Female,Miami,43068.78,Silver,In-Store,28,45,14,888.16,15.75
CUST-10621,55.0,Female,Los Angeles,130242.5,Silver,In-Store,27,25,2,2396.58,427.7
CUST-10967,28.0,Female,Boston,37906.2,Gold,In-Store,6,41,1,46.94,51.33
CUST-11077,20.0,Female,Phoenix,47088.46,Gold,Mobile App,11,26,11,1214.92,49.26
CUST-11191,24.0,Male,Denver,39613.98,Platinum,Mobile App,20,20,11,860.16,31.8
CUST-10732,52.0,Male,Atlanta,163645.67,Silver,Online,40,34,9,1523.9,362.62
CUST-10844,27.0,Female,Austin,39623.81,Basic,Online,4,48,0,97.96,56.75
CUST-10665,26.0,Female,Miami,101861.5,Gold,Online,30,112,4,2860.36,247.22
CUST-11096,29.0,Female,New York,54736.44,Basic,Online,14,8,26,1094.22,40.12
CUST-10252,61.0,Male,Atlanta,47420.85,Silver,Online,2,30,15,511.82,28.37
CUST-10041,28.0,Female,Seattle,58427.93,Gold,Online,1,28,16,679.56,32.37
CUST-10116,33.0,Female,Portland,37545.11,Silver,In-Store,34,24,9,728.62,19.57
CUST-10677,77.0,Male,Portland,132856.22,Silver,Online,37,71,0,2853.42,394.1
CUST-10982,23.0,Female,Denver,30432.19,Silver,Online,1,84,3,107.74,38.52
CUST-10640,57.0,Female,Denver,112442.39,Silver,In-Store,25,13,5,2607.51,531.66
CUST-10016,34.0,Female,Chicago,45695.02,Basic,Online,41,31,10,626.01,21.62
CUST-11042,20.0,Female,Phoenix,44406.89,Gold,Online,6,30,18,1005.22,41.59
CUST-10558,54.0,Male,Los Angeles,130770.64,Basic,In-Store,45,14,23,4197.56,132.55
CUST-10554,36.0,Female,Seattle,89425.48,Platinum,Online,40,15,33,5171.31,130.92
CUST-11041,20.0,Male,Phoenix,44708.51,Basic,Online,21,19,19,800.08,30.62
CUST-10082,55.0,Female,Miami,37960.89,Silver,Online,29,29,10,626.08,27.22
CUST-10684,63.0,Female,Miami,100962.9,Gold,Online,35,62,6,1909.63,446.21
CUST-10564,46.0,Male,Denver,83421.41,Platinum,Online,15,38,9,1996.75,423.42
CUST-10528,57.0,Male,Miami,64587.36,Platinum,Online,68,11,17,4971.44,93.22
CUST-10259,61.0,Female,Seattle,36653.07,Platinum,Online,30,24,17,501.3,34.12
CUST-10812,37.0,Male,New York,63663.64,Basic,In-Store,5,12,1,72.74,31.02
CUST-10085,27.0,Male,Atlanta,51488.04,Silver,Online,49,43,19,932.24,32.97
CUST-10266,37.0,Female,Miami,33181.49,Basic,Online,32,17,10,598.2,25.61
CUST-10719,60.0,Female,Austin,102357.48,Basic,Mobile App,21,67,4,2283.23,277.81
CUST-11032,22.0,Male,Atlanta,46983.08,Gold,Mobile App,10,18,12,784.39,24.18
CUST-11080,24.0,Female,Houston,56544.68,Basic,Online,7,22,22,755.47,40.72
CUST-10942,33.0,Male,Phoenix,42747.72,Gold,Online,2,58,1,69.98,27.83
CUST-10142,30.0,Non-Binary,Chicago,39245.15,Basic,Online,34,5,10,888.99,17.14
CUST-10703,46.0,Male,Atlanta,104617.57,Basic,Mobile App,14,50,9,1385.68,473.83
CUST-10176,61.0,Female,Phoenix,57701.95,Basic,In-Store,39,26,11,486.87,16.83
CUST-10647,50.0,Male,Portland,120386.9,Basic,Mobile App,1,41,1,2581.15,521.77
CUST-10065,31.0,Female,Miami,33763.61,Gold,Online,35,10,15,720.63,36.43
CUST-11055,28.0,Female,New York,33491.5,Gold,Mobile App,15,22,21,930.71,31.81
CUST-10180,37.0,Female,Miami,28418.16,Silver,Online,27,24,13,478.57,10.39
CUST-10598,64.0,Male,Portland,100274.46,Gold,In-Store,13,59,6,1504.63,455.03
CUST-10454,43.0,Female,Los Angeles,82627.04,Gold,Online,44,11,16,3863.05,69.22
CUST-11154,18.0,Female,Portland,41402.14,Silver,Online,18,28,30,1174.43,36.63
CUST-11196,26.0,Male,Los Angeles,42922.49,Platinum,In-Store,12,10,15,861.22,55.98
CUST-10934,28.0,Female,Phoenix,30134.36,Platinum,In-Store,1,92,2,143.09,92.13
CUST-10088,54.0,Female,Houston,21848.99,Silver,In-Store,31,35,14,584.15,37.93
CUST-10481,46.0,Female,Phoenix,66817.32,Basic,In-Store,25,11,17,3205.81,146.12
CUST-10257,58.0,Female,Phoenix,39787.82,Basic,Online,30,25,10,550.34,32.42
CUST-10847,25.0,Male,Miami,34134.04,Gold,In-Store,2,63,3,144.49,60.33
CUST-10388,50.0,Female,Seattle,74894.82,Silver,Online,40,12,21,3742.56,90.52
CUST-10364,37.0,Male,Boston,97619.1,Silver,Online,26,6,27,4497.79,160.15
CUST-10450,73.0,Female,Chicago,105887.3,Basic,Online,15,10,35,2576.03,154.31
CUST-10720,57.0,Female,Miami,108951.5,Gold,In-Store,22,65,5,841.97,405.14
CUST-10207,37.0,Female,New York,38130.96,Gold,In-Store,30,24,7,655.49,18.9
CUST-11060,19.0,Male,Phoenix,36880.63,Basic,Online,7,11,23,623.42,38.71
CUST-10368,45.0,Male,Portland,104240.56,Silver,Online,13,4,26,2414.8,145.13
CUST-10213,40.0,Female,Houston,41207.73,Basic,In-Store,35,16,19,540.44,36.67
CUST-10290,46.0,Non-Binary,Chicago,47009.87,Basic,Online,17,22,7,427.57,32.31
CUST-11046,26.0,Male,Phoenix,54257.78,Silver,Mobile App,23,21,11,769.15,50.56
CUST-10470,53.0,Non-Binary,Denver,95433.88,Silver,Online,53,12,35,4417.44,170.76
CUST-10545,50.0,Female,Miami,91879.16,Silver,In-Store,51,9,19,3743.17,197.37
CUST-10337,59.0,Female,Boston,40415.74,Silver,Online,58,16,16,1099.83,30.44
CUST-10557,40.0,Male,Boston,62352.17,Gold,In-Store,24,3,21,3801.89,181.9
CUST-11054,26.0,Male,Austin,39952.54,Silver,Online,14,33,23,916.17,51.88
CUST-10966,26.0,Female,Boston,18135.34,Basic,Online,1,65,0,152.51,73.06
CUST-10667,54.0,Female,Houston,137368.1,Gold,Online,29,23,4,888.15,343.11
CUST-11128,25.0,Male,Atlanta,36073.42,Gold,Online,28,31,14,660.23,60.71
CUST-10008,40.0,Male,Chicago,39804.88,Gold,Online,32,31,21,589.82,24.39
CUST-11070,27.0,Female,New York,36372.32,Silver,In-Store,10,11,20,956.86,40.2
CUST-10986,31.0,Male,Chicago,46729.28,Silver,In-Store,3,54,3,76.26,77.79
CUST-11101,28.0,Male,Atlanta,34339.68,Silver,In-Store,11,17,29,830.62,54.06
CUST-10649,52.0,Female,Seattle,145995.48,Basic,In-Store,10,88,5,2625.78,392.12
CUST-10723,48.0,Female,Miami,136820.28,Basic,Online,1,77,3,2795.67,206.76
CUST-10696,53.0,Female,Phoenix,133088.55,Platinum,Online,21,109,4,2270.1,416.67
CUST-10518,31.0,Male,Atlanta,102342.4,Silver,In-Store,28,12,34,3731.67,203.39
CUST-10403,32.0,Non-Binary,Chicago,108521.46,Silver,Mobile App,56,13,32,2913.42,72.97
CUST-10734,53.0,Female,Houston,126882.58,Silver,Online,29,25,4,1852.77,439.96
CUST-10713,62.0,Male,Houston,97333.97,Silver,Mobile App,32,68,6,1554.87,377.94
CUST-11200,21.0,Female,Seattle,49840.74,Silver,Online,18,25,16,365.49,46.4
CUST-10885,40.0,Female,New York,69693.87,Basic,Online,7,100,2,48.1,43.06
CUST-10144,37.0,Female,New York,27372.67,Platinum,Online,21,24,16,752.15,32.31
CUST-11068,24.0,Male,Chicago,29414.9,Silver,Online,13,21,14,853.65,18.44
CUST-10819,43.0,Female,New York,56734.57,Basic,In-Store,1,83,2,28.22,59.87
CUST-10560,50.0,Non-Binary,Chicago,71406.32,Platinum,Online,52,8,40,1955.01,181.47
CUST-10881,18.0,Male,Denver,39721.96,Basic,Online,2,114,2,205.81,53.72
CUST-10360,46.0,Male,Seattle,125645.0,Gold,In-Store,42,2,15,2250.47,157.46
CUST-10495,41.0,Female,New York,87943.14,Platinum,Online,41,19,32,4355.58,123.4
CUST-10664,55.0,Male,Austin,134881.53,Gold,In-Store,42,55,7,2791.45,378.57
CUST-10100,27.0,Male,Seattle,40546.4,Silver,In-Store,46,28,18,614.07,33.56
CUST-10704,36.0,Female,Atlanta,147471.89,Silver,Mobile App,29,27,9,2244.15,490.77
CUST-10929,32.0,Male,Los Angeles,48679.5,Silver,Mobile App,2,59,2,66.86,39.65
CUST-10060,34.0,Female,Miami,29301.46,Silver,In-Store,22,34,15,436.24,32.12
CUST-10326,43.0,Male,Portland,43267.56,Basic,Online,56,13,23,787.53,16.55
CUST-10012,57.0,Female,Phoenix,29887.03,Platinum,Mobile App,17,12,14,635.35,20.67
CUST-10539,44.0,Male,Austin,69866.52,Basic,Online,63,10,21,2758.17,164.94
CUST-10875,50.0,Non-Binary,Denver,33357.17,Basic,Mobile App,3,75,2,98.94,35.86
CUST-11071,26.0,Female,Denver,51656.52,Basic,Online,11,4,16,785.87,34.14
CUST-10762,35.0,Male,Chicago,26014.47,Silver,In-Store,8,94,2,98.39,57.49
CUST-10845,20.0,Female,Chicago,41393.33,Gold,Mobile App,1,66,2,178.06,67.88
CUST-10075,47.0,Female,Los Angeles,26453.08,Silver,Online,48,38,12,724.16,40.71
CUST-10549,36.0,Male,New York,75325.21,Basic,In-Store,71,6,29,5197.21,174.5
CUST-10585,50.0,Female,Denver,145219.73,Basic,In-Store,27,76,6,1646.56,525.27
CUST-10087,42.0,Non-Binary,Miami,22746.76,Platinum,In-Store,49,18,13,603.68,19.42
CUST-10189,23.0,Male,Atlanta,50007.56,Basic,Mobile App,38,40,25,493.76,44.08
CUST-10858,30.0,Female,Houston,38583.57,Platinum,Mobile App,4,102,2,77.0,43.95
CUST-11177,32.0,Male,Chicago,37889.91,Silver,Online,27,14,19,930.55,20.31
CUST-10178,37.0,Female,Seattle,18125.31,Basic,Online,14,10,8,719.92,29.92
CUST-10901,28.0,Female,Houston,43847.24,Basic,In-Store,2,127,3,58.55,62.35
CUST-11169,19.0,Male,Phoenix,42445.47,Platinum,Online,14,31,9,970.71,52.84
CUST-10191,55.0,Female,Houston,36121.41,Basic,Online,5,18,16,1067.77,36.94
CUST-11111,30.0,Female,Austin,51939.4,Basic,In-Store,28,25,21,717.65,44.54
CUST-10414,48.0,Female,Denver,93448.59,Basic,Online,39,3,28,4679.41,153.84
CUST-10619,47.0,Female,Los Angeles,189491.87,Platinum,Online,13,68,5,3607.38,390.55
CUST-10987,39.0,Female,Chicago,51851.2,Basic,Online,5,115,2,80.52,55.35
CUST-10246,47.0,Male,Houston,38703.22,Silver,Online,32,43,17,320.11,16.67
CUST-10218,51.0,Female,Austin,47693.575,Basic,In-Store,38,32,9,787.58,28.04
CUST-10605,57.0,Female,Boston,95084.73,Basic,Online,18,43,4,2515.0,401.78
CUST-10490,35.0,Male,Miami,103004.4,Basic,Online,52,17,20,5097.6,157.35
CUST-10765,29.0,Male,Boston,45090.77,Gold,In-Store,7,56,3,153.69,75.01
CUST-10402,47.0,Female,Boston,74964.9,Basic,Online,29,22,26,4359.71,194.48
CUST-10992,28.0,Male,Austin,45921.89,Silver,Online,4,92,3,81.12,68.1
CUST-10651,54.0,Male,New York,85699.24,Platinum,Online,17,101,3,3209.0,334.2
CUST-10714,52.0,Female,Chicago,101940.75,Silver,Online,22,63,5,2103.01,377.26
CUST-10748,37.0,Female,Austin,47693.575,Basic,Online,7,102,1,184.05,75.97
CUST-10670,46.0,Female,Seattle,146949.14,Silver,In-Store,13,75,4,1634.64,368.44
CUST-10708,55.0,Female,Boston,101461.59,Gold,In-Store,31,48,5,2639.72,309.39
CUST-10872,48.0,Male,Atlanta,49679.03,Basic,In-Store,1,48,2,91.56,28.96
CUST-10283,57.0,Male,Austin,40161.03,Gold,Online,28,13,20,702.39,25.86
CUST-10281,41.0,Male,Houston,40702.45,Basic,In-Store,31,9,11,598.5,28.38
CUST-10653,58.0,Male,Atlanta,108367.77,Basic,Online,23,74,5,2730.55,468.84
CUST-10232,58.0,Female,Seattle,37192.21,Silver,Online,11,19,18,846.8,30.33
CUST-10081,44.0,Female,New York,56348.8,Gold,Mobile App,32,26,13,865.5,27.95
CUST-10474,28.0,Male,Atlanta,67963.56,Gold,Mobile App,69,13,36,4160.96,151.48
CUST-10222,44.0,Female,Portland,31633.62,Basic,Online,12,22,9,467.28,40.92
CUST-10473,53.0,Female,Atlanta,69491.35,Basic,Mobile App,18,4,19,4224.32,72.71
CUST-10351,22.0,Female,Seattle,100118.58,Gold,Mobile App,37,6,35,3993.17,145.64
CUST-10392,51.0,Female,Los Angeles,88297.7,Basic,Online,50,11,30,3975.15,86.29
CUST-10229,42.0,Male,Atlanta,30271.17,Platinum,Online,15,15,14,709.68,32.89
CUST-10624,49.0,Male,Boston,103548.7,Basic,Mobile App,3,100,6,3174.05,341.03
CUST-10689,46.0,Female,Portland,150555.7,Basic,Online,34,64,5,1215.52,395.81
CUST-10783,26.0,Female,Phoenix,49570.7,Basic,Online,4,93,1,181.28,56.62
CUST-10943,29.0,Female,Los Angeles,47205.37,Basic,Online,3,73,2,165.33,48.61
CUST-11119,24.0,Male,Boston,46002.1,Gold,In-Store,13,13,14,489.33,30.29
CUST-11049,22.0,Female,Phoenix,34418.23,Gold,In-Store,17,11,10,1147.01,19.98
CUST-10299,52.0,Female,Seattle,34853.95,Basic,In-Store,24,37,22,639.66,28.36
CUST-10648,48.0,Male,Houston,110600.47,Basic,Online,23,70,5,2725.04,264.17
CUST-10989,45.0,Female,Miami,15000.0,Gold,Online,1,105,3,158.78,71.87
CUST-11047,25.0,Female,Miami,42967.3,Basic,Online,23,27,16,645.36,14.19
CUST-10371,50.0,Female,Chicago,85188.81,Silver,Mobile App,49,8,22,3685.63,150.41
CUST-10837,33.0,Female,Phoenix,39830.26,Basic,Online,2,78,0,1.65,67.36
CUST-10968,32.0,Male,Atlanta,21514.87,Gold,In-Store,6,59,3,116.34,14.31
CUST-10764,22.0,Female,Miami,62050.73,Gold,In-Store,5,98,1,108.85,62.36
CUST-10499,47.0,Female,Miami,80776.64,Silver,Online,43,0,24,6550.55,162.12
CUST-10766,36.0,Male,Los Angeles,63093.23,Silver,In-Store,8,92,2,167.28,79.15
CUST-10301,47.0,Male,Houston,36866.1,Platinum,Mobile App,31,37,11,576.33,24.45
CUST-10349,55.0,Female,Houston,68945.29,Basic,Online,21,6,18,6350.81,86.45
CUST-10731,54.0,Male,Boston,87558.63,Basic,Online,20,37,7,1968.56,320.94
CUST-10594,65.0,Female,Boston,133907.44,Silver,Online,41,79,7,2877.13,464.09
CUST-10832,34.0,Male,Phoenix,47693.575,Platinum,Online,3,87,2,200.42,67.8
CUST-11029,27.0,Female,Miami,41740.4,Basic,Online,1,6,13,566.97,51.76
CUST-10438,54.0,Male,Phoenix,115120.36,Gold,Mobile App,76,2,23,2631.6,152.25
CUST-10106,33.0,Male,Phoenix,33720.69,Basic,Online,23,29,7,813.39,26.72
CUST-10890,31.0,Male,Boston,53944.61,Basic,Mobile App,2,84,2,75.27,75.43
CUST-10753,35.0,Female,Atlanta,55032.76,Silver,Online,9,10,1,0.0,58.18
CUST-10775,34.0,Male,Boston,66346.82,Platinum,Online,1,62,0,98.52,22.25
CUST-10899,25.0,Male,Atlanta,38052.79,Platinum,In-Store,2,90,2,161.96,47.7
CUST-10334,42.0,Male,Los Angeles,35747.46,Silver,Online,24,30,5,870.3,22.93
CUST-10569,37.0,Female,Miami,82143.95,Silver,In-Store,31,93,5,1420.14,197.79
CUST-10064,18.0,Female,New York,43405.08,Gold,Mobile App,44,36,10,636.02,19.87
CUST-10025,40.0,Female,Miami,40990.58,Silver,Mobile App,26,37,19,405.35,20.3
CUST-11127,26.0,Male,Houston,48426.9,Basic,Online,24,18,13,1244.8,43.83
CUST-10921,24.0,Male,Austin,35273.94,Basic,Online,7,79,2,195.27,68.96
CUST-10907,41.0,Male,Austin,34337.77,Gold,Online,3,151,2,198.14,46.54
CUST-11173,22.0,Female,New York,47024.66,Silver,Online,11,7,19,849.2,42.53
CUST-10676,34.0,Male,Austin,85960.47,Basic,Online,9,81,6,1946.87,309.75
CUST-10862,23.0,Female,Portland,57831.25,Silver,Mobile App,3,71,1,124.51,74.1
CUST-10164,32.0,Female,Austin,37988.95,Silver,In-Store,24,54,13,775.19,16.11
CUST-10635,49.0,Male,Atlanta,52668.08,Basic,Mobile App,40,33,6,1896.32,324.88
CUST-10884,32.0,Male,Austin,28703.48,Basic,Mobile App,3,78,2,138.1,56.01
CUST-10412,51.0,Female,Houston,126154.95,Basic,Online,59,11,36,3088.2,114.74
CUST-10365,45.0,Female,Chicago,70732.96,Basic,In-Store,73,14,17,5484.22,79.64
CUST-10695,52.0,Male,Seattle,135254.51,Basic,In-Store,21,29,8,1959.95,349.58
CUST-11069,27.0,Female,Chicago,34268.99,Basic,Mobile App,20,12,17,1015.14,38.29
CUST-10990,22.0,Male,Los Angeles,23414.68,Basic,In-Store,1,74,2,65.21,47.72
CUST-10400,57.0,Male,Denver,132723.96,Basic,Mobile App,5,7,34,3818.36,172.07
CUST-11082,28.0,Male,Portland,59112.56,Gold,Online,15,16,24,1556.74,28.56
CUST-11187,29.0,Male,Seattle,61028.37,Basic,In-Store,15,13,19,1130.01,37.98
CUST-10033,51.0,Male,Atlanta,35313.86,Silver,Online,23,31,16,718.89,24.92
CUST-11133,26.0,Male,Miami,52525.38,Gold,Online,1,22,19,713.64,31.6
CUST-11179,18.0,Male,Chicago,30551.41,Gold,Online,18,22,9,945.26,31.24
CUST-10646,56.0,Male,Houston,93587.11,Silver,Mobile App,25,40,5,2596.43,292.52
CUST-10344,50.0,Male,Atlanta,111888.14,Platinum,Mobile App,41,19,37,3218.16,48.17
CUST-11044,26.0,Female,Denver,43671.89,Platinum,Online,14,0,20,525.21,43.07
CUST-10589,55.0,Male,Denver,133979.1,Basic,Online,36,29,5,2661.9,475.63
CUST-10532,57.0,Male,Houston,104268.95,Silver,In-Store,55,19,32,2117.05,133.77
CUST-10035,53.0,Male,Chicago,58404.73,Basic,Mobile App,44,19,15,687.85,31.95
CUST-10822,29.0,Female,Phoenix,54801.03,Silver,In-Store,3,96,2,128.2,43.6
CUST-10760,26.0,Male,Atlanta,38884.08,Gold,Online,4,80,2,162.01,72.59
CUST-10152,39.0,Male,Portland,22308.51,Gold,Mobile App,41,19,12,279.79,30.12
CUST-10752,22.0,Female,Houston,23275.35,Gold,In-Store,6,60,2,143.98,57.53
CUST-10315,61.0,Female,Atlanta,42894.93,Gold,Online,26,17,10,444.64,26.61
CUST-10237,36.0,Female,Austin,57855.51,Silver,Online,46,40,11,911.13,18.75
CUST-10022,42.0,Male,Atlanta,32964.89,Basic,In-Store,23,28,14,315.99,26.7
CUST-11121,26.0,Male,Miami,59261.06,Gold,Mobile App,19,0,9,1701.11,23.25
CUST-11031,33.0,Female,Houston,41447.57,Silver,Online,7,11,14,1183.37,31.61
CUST-10096,48.0,Female,New York,46132.95,Basic,Mobile App,37,7,21,628.0,36.99
CUST-10798,30.0,Female,Los Angeles,33909.3,Gold,In-Store,4,62,1,152.86,50.8
CUST-10186,32.0,Female,Denver,32184.29,Basic,In-Store,21,30,17,623.13,16.46
CUST-10573,67.0,Female,Boston,107599.86,Basic,Mobile App,30,81,9,3242.05,336.9
CUST-10531,48.0,Female,Boston,105465.58,Gold,Online,81,12,35,4469.07,176.46
CUST-10813,47.0,Male,Houston,42758.13,Gold,Mobile App,4,65,0,69.1,51.12
CUST-10456,35.0,Female,Houston,82914.57,Silver,Online,57,20,38,1991.64,110.19
CUST-10566,49.0,Male,Denver,124724.64,Basic,Online,6,69,4,2349.93,333.97
CUST-10359,36.0,Male,Austin,54674.81,Silver,Mobile App,42,0,27,3447.77,178.32
CUST-10472,60.0,Female,Austin,105539.38,Silver,Online,55,5,29,4925.27,176.4
CUST-10333,46.0,Female,Miami,38512.5,Gold,Online,46,30,21,1017.12,24.73
CUST-10919,26.0,Non-Binary,Denver,33218.96,Silver,Online,4,120,4,110.39,44.9
CUST-10818,34.0,Male,Portland,64743.48,Basic,Online,6,32,4,167.22,50.63
CUST-10610,62.0,Female,Portland,89455.31,Platinum,In-Store,14,24,5,2063.6,630.84
CUST-10855,25.0,Female,Chicago,44104.79,Silver,In-Store,3,29,0,97.93,63.79
CUST-10303,32.0,Male,Portland,46806.7,Silver,In-Store,11,18,13,932.62,37.86
CUST-10340,39.0,Male,Los Angeles,45851.31,Basic,In-Store,36,29,7,525.06,28.43
CUST-10295,35.0,Male,Denver,41059.48,Silver,Online,1,31,18,822.85,33.0
CUST-10031,62.0,Female,New York,29386.07,Gold,In-Store,21,38,9,739.22,18.42
CUST-10254,28.0,Male,Los Angeles,25012.84,Silver,Mobile App,34,14,12,868.98,18.96
CUST-11073,19.0,Male,Denver,27340.41,Basic,Online,17,6,19,689.16,27.89
CUST-10744,34.0,Female,Los Angeles,46943.03,Basic,In-Store,7,115,3,233.89,18.39
CUST-10258,36.0,Non-Binary,Boston,41820.82,Gold,In-Store,6,42,15,831.38,34.97
CUST-10199,46.0,Female,Miami,29511.49,Silver,Online,30,35,25,615.42,14.7
CUST-10429,44.0,Male,Seattle,106604.04,Silver,Mobile App,51,12,32,3786.52,68.78
CUST-10146,50.0,Female,Austin,30717.32,Silver,In-Store,27,5,1,513.48,23.44
CUST-10432,66.0,Male,Houston,88889.75,Basic,Online,45,6,28,5383.19,165.23
CUST-10074,36.0,Female,Denver,47158.87,Gold,Online,43,0,15,541.86,22.85
CUST-10925,25.0,Female,Austin,33978.54,Silver,Online,1,102,1,37.98,32.66
CUST-11180,22.0,Female,Atlanta,36633.39,Gold,In-Store,17,6,20,1125.52,30.83
CUST-10900,27.0,Male,Boston,46647.73,Silver,Online,4,96,4,89.15,25.32
CUST-10829,30.0,Male,New York,61078.16,Basic,In-Store,8,96,1,0.0,5.0
CUST-10055,28.0,Male,Denver,48281.86,Gold,In-Store,49,19,24,773.99,25.52
CUST-11004,22.0,Male,Los Angeles,48285.43,Gold,In-Store,24,17,21,0.0,25.6
CUST-10637,46.0,Female,Chicago,90639.38,Silver,Mobile App,40,79,4,1752.51,308.94
CUST-10678,50.0,Female,Phoenix,112965.1,Basic,Online,18,43,6,3809.77,345.3
CUST-11084,25.0,Male,Portland,48246.4,Basic,Mobile App,25,0,19,716.71,11.05
CUST-10705,46.0,Female,Boston,110291.17,Basic,In-Store,28,85,2,1630.91,463.82
CUST-10937,24.0,Female,New York,46980.8,Silver,Online,5,104,2,111.85,53.24
CUST-10441,45.0,Male,Phoenix,128178.58,Basic,Online,53,13,33,6125.02,195.02
CUST-11074,27.0,Male,Seattle,44982.24,Silver,In-Store,17,9,12,1054.79,19.17
CUST-10004,27.0,Female,Chicago,47122.22,Basic,Online,33,31,13,736.76,21.92
CUST-10221,47.0,Female,Boston,40958.37,Basic,Mobile App,20,6,9,649.28,30.43
CUST-11016,28.0,Female,Chicago,45507.66,Silver,Online,11,24,27,520.41,20.59
CUST-11199,24.0,Male,Houston,33326.19,Silver,In-Store,18,18,13,1341.94,27.23
CUST-10974,42.0,Male,Houston,45081.01,Platinum,In-Store,5,97,2,114.38,67.58
CUST-11000,29.0,Female,Phoenix,30849.6,Gold,Online,1,73,2,148.6,71.61
CUST-11113,23.0,Male,Miami,49512.32,Basic,Online,25,20,17,1111.1,26.87
CUST-10328,50.0,Female,Denver,46531.02,Platinum,Online,1,17,21,621.7,29.75
CUST-11056,27.0,Male,Miami,43271.52,Gold,Mobile App,19,16,14,1272.64,55.66
CUST-10697,36.0,Male,Portland,133986.63,Basic,Mobile App,42,58,3,3113.33,392.7
CUST-10130,43.0,Non-Binary,Chicago,48166.45,Basic,Mobile App,37,28,11,814.9,23.26
CUST-10390,59.0,Male,Seattle,88160.58,Gold,Online,51,13,35,4940.61,146.11
CUST-10076,25.0,Female,Miami,44109.13,Silver,In-Store,38,50,13,679.29,26.27
CUST-11087,26.0,Non-Binary,Austin,36261.84,Silver,Mobile App,18,5,23,355.15,47.2
CUST-10761,31.0,Male,Seattle,39704.98,Platinum,Online,5,56,3,52.24,41.35
CUST-11050,21.0,Female,Austin,47658.21,Basic,Mobile App,7,20,22,960.82,17.51
CUST-10204,35.0,Male,Austin,40651.66,Basic,Online,40,1,19,429.72,39.86
CUST-10857,41.0,Male,New York,37977.84,Silver,Online,3,43,2,175.27,67.75
CUST-10898,41.0,Male,Seattle,47398.82,Basic,In-Store,1,70,1,105.53,44.68
CUST-10923,26.0,Male,Boston,39078.18,Basic,Mobile App,2,7,3,204.7,52.97
CUST-10614,40.0,Female,Phoenix,102301.63,Basic,Online,17,51,9,2244.19,277.67
CUST-10057,50.0,Male,Denver,34955.17,Gold,In-Store,25,26,14,663.16,29.02
CUST-10915,47.0,Male,Seattle,56813.78,Silver,In-Store,2,137,0,82.48,67.63
CUST-10289,46.0,Male,Phoenix,21300.15,Basic,Online,21,20,9,611.36,5.0
CUST-10378,45.0,Female,Houston,105111.83,Gold,Mobile App,49,2,26,5045.13,122.56
CUST-10296,50.0,Female,Boston,39769.08,Silver,Online,43,20,15,775.7,19.55
CUST-10492,48.0,Female,Austin,92481.51,Basic,In-Store,63,14,16,2640.25,115.64
CUST-11005,21.0,Male,Boston,35821.15,Platinum,Online,21,19,15,660.69,45.91
CUST-10462,45.0,Female,Austin,114864.28,Basic,Online,45,7,30,3413.9,162.34
CUST-10362,58.0,Female,Denver,101076.54,Silver,In-Store,59,0,23,5938.94,143.68
CUST-10587,73.0,Male,Miami,97001.07,Basic,In-Store,23,27,8,2388.58,385.45
CUST-10215,39.0,Female,Seattle,48686.17,Basic,In-Store,12,27,22,588.89,36.78
CUST-10198,42.0,Male,Boston,51421.73,Silver,Online,46,14,10,310.35,23.12
CUST-10018,44.0,Non-Binary,Boston,38197.87,Silver,Online,16,31,18,624.13,27.01
CUST-10193,24.0,Female,Portland,32795.71,Basic,Online,51,9,12,654.16,25.99
CUST-10151,45.0,Male,Denver,42764.53,Gold,Online,29,27,19,881.27,43.09
CUST-10373,39.0,Male,Denver,101054.92,Silver,Online,30,15,18,4469.09,195.08
CUST-10544,39.0,Female,Austin,94131.31,Gold,Online,32,0,32,3291.19,154.9
CUST-10112,23.0,Female,Phoenix,27445.79,Silver,In-Store,27,15,14,868.5,37.88
CUST-10079,36.0,Male,Houston,48038.13,Silver,In-Store,22,18,15,402.49,37.09
CUST-10502,39.0,Male,Seattle,123570.39,Silver,Online,66,11,20,3463.02,116.21
CUST-10593,42.0,Male,Miami,85055.54,Silver,Online,26,67,2,2827.6,244.43
CUST-10475,39.0,Female,Boston,74573.09,Gold,In-Store,39,19,33,4440.76,138.0
CUST-10856,20.0,Male,Miami,46043.66,Basic,Online,7,59,2,49.45,71.88
CUST-10366,49.0,Male,Boston,98820.71,Basic,In-Store,46,8,23,4044.78,96.35
CUST-10797,22.0,Male,Boston,44782.15,Basic,In-Store,8,73,2,103.46,44.03
CUST-11020,19.0,Non-Binary,Denver,49934.63,Gold,Mobile App,6,8,22,1062.17,45.9
CUST-10121,38.0,Female,Portland,29475.32,Silver,Online,8,1,18,727.89,18.56
CUST-10515,39.0,Male,Atlanta,107159.73,Silver,Online,42,4,27,2611.24,186.81
CUST-10592,31.0,Female,Phoenix,71066.38,Basic,Online,20,86,8,3194.14,408.26
CUST-10782,26.0,Female,Portland,42341.39,Platinum,Online,3,92,4,0.0,39.53
CUST-10494,48.0,Male,Austin,96713.95,Silver,In-Store,42,3,24,4889.59,202.61
CUST-11091,23.0,Female,Houston,42510.12,Basic,Online,6,3,24,1025.67,34.95
CUST-10613,71.0,Male,Austin,133149.34,Basic,Mobile App,26,27,6,2785.1,557.56
CUST-10251,38.0,Non-Binary,Portland,15000.0,Basic,Mobile App,26,17,20,860.46,22.61
CUST-10001,46.0,Female,Miami,51596.1,Basic,In-Store,18,3,22,639.59,20.8
CUST-10168,52.0,Female,Los Angeles,54102.92,Gold,Mobile App,39,24,17,914.66,19.82
CUST-10355,49.0,Male,Los Angeles,112625.06,Silver,Online,52,14,26,3221.7,154.09
CUST-10484,49.0,Male,Seattle,53420.89,Silver,Online,78,0,35,3165.78,135.32
CUST-10908,36.0,Male,Austin,55893.73,Silver,Mobile App,9,108,3,115.05,42.36
CUST-10791,28.0,Male,Phoenix,48348.56,Silver,In-Store,2,113,1,127.68,74.4
CUST-10306,41.0,Female,Atlanta,40249.92,Basic,Online,44,23,20,569.43,29.78
CUST-11003,22.0,Female,Phoenix,50997.84,Silver,Mobile App,14,5,16,858.53,50.67
CUST-10239,51.0,Non-Binary,Austin,35858.79,Platinum,Mobile App,18,15,7,621.7,11.43
CUST-10823,38.0,Female,Phoenix,22864.79,Basic,Online,1,53,2,39.1,41.55
CUST-10834,46.0,Female,Miami,50856.95,Basic,Online,4,90,1,133.23,58.09
CUST-10269,37.0,Male,Chicago,42389.78,Gold,Mobile App,9,40,11,1034.71,27.74
CUST-10155,55.0,Female,Chicago,55414.09,Silver,Online,42,28,15,168.74,28.79
CUST-10743,25.0,Male,Atlanta,48681.51,Basic,In-Store,7,101,2,109.64,93.9
CUST-10887,40.0,Male,Portland,31278.3,Silver,In-Store,6,118,1,88.07,36.35
CUST-10115,33.0,Male,Denver,37970.66,Basic,In-Store,10,27,17,923.01,32.06
CUST-10976,38.0,Male,Atlanta,23431.24,Silver,Mobile App,1,43,1,125.48,61.94
CUST-10211,49.0,Male,Miami,52913.01,Basic,Online,30,23,17,195.27,42.37
CUST-10227,36.0,Female,Boston,43991.68,Basic,Online,26,4,15,511.88,20.23
CUST-10909,29.0,Non-Binary,Los Angeles,35327.72,Basic,Mobile App,5,67,1,154.3,53.17
CUST-10870,44.0,Male,Chicago,36241.15,Basic,Online,3,101,3,50.53,75.22
CUST-11152,28.0,Female,Miami,45914.01,Gold,Online,10,18,14,672.99,16.43
CUST-10300,40.0,Male,Phoenix,33112.65,Silver,Online,1,22,12,861.65,31.05
CUST-10478,47.0,Female,Chicago,126633.37,Basic,In-Store,64,6,28,3947.19,69.33
CUST-10356,31.0,Male,Chicago,71636.93,Silver,Online,36,4,29,2976.97,154.45
CUST-11164,21.0,Male,Austin,46140.31,Gold,In-Store,21,28,24,766.94,38.95
CUST-10673,68.0,Female,Chicago,96296.23,Basic,Online,29,84,7,2714.49,385.98
CUST-10260,34.0,Female,Houston,31041.56,Basic,In-Store,12,31,26,769.48,39.17
CUST-10889,27.0,Male,Denver,53388.93,Basic,In-Store,8,50,1,163.98,46.4
CUST-10631,44.0,Female,Phoenix,80958.05,Silver,Online,24,50,3,1242.37,271.36
CUST-11061,24.0,Male,Los Angeles,39482.22,Basic,Online,12,25,21,1044.66,39.85
CUST-11116,23.0,Male,Atlanta,38394.48,Gold,Mobile App,31,6,22,847.18,35.37
CUST-10335,34.0,Male,Los Angeles,34300.86,Basic,Online,35,33,19,606.58,27.93
CUST-11026,24.0,Female,New York,42350.0,Silver,In-Store,4,31,13,904.24,32.36
CUST-10975,32.0,Female,Austin,39152.82,Silver,Online,6,95,1,138.18,59.12
CUST-10671,54.0,Male,Seattle,171309.41,Gold,Online,23,56,4,2195.43,363.52
CUST-11025,22.0,Male,Seattle,34059.18,Basic,In-Store,3,29,19,1113.09,27.89
CUST-11066,25.0,Female,Los Angeles,47908.82,Gold,Online,19,13,10,1017.63,62.52
CUST-10547,33.0,Non-Binary,Boston,122919.0,Silver,Online,59,24,27,2901.75,117.69
CUST-10145,39.0,Female,Atlanta,48102.35,Silver,In-Store,38,20,17,696.0,15.43
CUST-10581,60.0,Non-Binary,Portland,104723.38,Basic,Online,24,24,5,2628.82,351.53
CUST-10330,35.0,Male,Phoenix,30229.19,Gold,Online,45,24,21,1154.94,21.73
CUST-11035,25.0,Female,Los Angeles,47196.4,Gold,Online,4,23,24,1353.59,18.34
CUST-10420,42.0,Male,New York,107785.56,Silver,Mobile App,58,10,22,4510.62,71.99
CUST-11190,26.0,Male,Denver,45323.25,Basic,In-Store,28,29,3,767.18,43.7
CUST-10770,32.0,Male,Portland,49283.11,Gold,Mobile App,2,84,1,20.09,39.63
CUST-10298,35.0,Male,Denver,46555.1,Silver,Online,24,24,16,689.52,48.01
CUST-10706,57.0,Male,Chicago,133550.11,Gold,In-Store,10,50,5,2366.76,473.84
CUST-10409,35.0,Male,Portland,72882.67,Gold,Mobile App,56,10,28,6102.37,113.98
CUST-11063,22.0,Female,Houston,25825.97,Basic,Online,27,6,25,726.12,48.71
CUST-10607,60.0,Male,Phoenix,112284.8,Silver,Online,31,70,7,1757.29,434.51
CUST-10893,33.0,Male,Houston,53188.11,Silver,Online,1,66,2,139.78,39.92
CUST-10498,32.0,Female,Atlanta,84723.22,Gold,Mobile App,53,5,33,4054.39,136.63
CUST-10108,49.0,Male,Portland,40405.02,Silver,Online,19,19,24,360.63,17.38
CUST-11106,20.0,Male,Portland,38103.37,Platinum,Online,15,19,20,801.62,54.0
CUST-10126,44.0,Male,Atlanta,42352.72,Silver,Online,34,27,19,619.27,14.92
CUST-10471,49.0,Male,Portland,89342.27,Silver,Mobile App,71,7,34,5144.48,133.74
CUST-10421,46.0,Non-Binary,Seattle,100844.58,Silver,Online,41,15,37,4443.28,189.74
CUST-10742,28.0,Male,New York,40224.95,Platinum,Online,8,79,2,174.72,72.27
CUST-11150,23.0,Female,Chicago,41283.51,Silver,In-Store,14,0,25,769.41,16.8
CUST-10247,57.0,Male,Austin,47693.575,Gold,Online,40,41,21,0.0,21.98
CUST-10268,49.0,Male,New York,45510.88,Basic,Online,29,18,14,822.84,40.67
CUST-10546,50.0,Female,Los Angeles,118477.37,Silver,Online,40,11,11,4748.55,214.15
CUST-10050,48.0,Male,Houston,23099.61,Basic,Online,16,52,17,771.1,16.57
CUST-10162,52.0,Female,Atlanta,39200.1,Gold,In-Store,13,25,20,671.92,32.6
CUST-10208,25.0,Female,Austin,49256.75,Basic,Online,28,52,14,782.46,34.99
CUST-10578,34.0,Male,Austin,78033.74,Silver,Online,33,86,4,340.26,478.87
CUST-10514,56.0,Female,Seattle,72551.26,Silver,Online,30,4,23,3769.94,146.94
CUST-10068,44.0,Male,Denver,66491.8,Basic,In-Store,36,15,14,828.69,22.29
CUST-11163,28.0,Male,Portland,38388.88,Platinum,Online,1,19,19,1104.13,40.1
CUST-10346,44.0,Male,Atlanta,58180.6,Gold,Mobile App,56,4,27,5184.22,121.48
CUST-10343,40.0,Female,Los Angeles,93470.41,Gold,Mobile App,30,0,28,3864.17,165.83
CUST-10707,55.0,Female,Boston,136040.69,Basic,In-Store,36,35,5,2312.96,380.07
CUST-10800,29.0,Male,Austin,44520.85,Silver,In-Store,5,68,1,156.24,64.91
CUST-10759,35.0,Male,Seattle,56973.52,Silver,Mobile App,5,71,3,160.71,52.72
CUST-10002,49.0,Male,Portland,22746.72,Silver,Online,46,6,22,863.15,47.65
CUST-10308,38.0,Male,Denver,50599.2,Basic,In-Store,12,20,7,448.29,49.35
CUST-10882,37.0,Male,New York,31504.97,Basic,Online,2,78,2,151.6,38.9
CUST-10826,34.0,Female,Denver,36660.64,Basic,In-Store,2,88,1,197.07,72.21
CUST-11075,31.0,Non-Binary,Houston,38745.14,Gold,In-Store,29,12,8,842.0,33.79
CUST-10645,47.0,Female,Boston,93985.14,Basic,Online,7,31,5,3215.93,282.9
CUST-10758,53.0,Female,Los Angeles,47195.99,Silver,Online,2,79,2,190.53,88.87
CUST-10006,27.0,Female,Denver,48567.03,Silver,Mobile App,15,4,10,611.84,29.0
CUST-10936,30.0,Female,Miami,17270.83,Gold,In-Store,13,64,3,159.77,41.95
CUST-11089,31.0,Female,Chicago,60129.48,Basic,Online,23,17,15,851.71,40.44
CUST-10620,68.0,Non-Binary,Portland,102388.41,Basic,Mobile App,36,50,6,2907.65,252.48
CUST-10639,59.0,Male,Miami,151936.56,Basic,In-Store,4,4,6,1828.46,481.37
CUST-10793,46.0,Non-Binary,Los Angeles,48263.78,Silver,In-Store,5,41,2,161.15,45.77
CUST-10991,18.0,Male,Houston,41270.64,Platinum,Mobile App,3,75,1,119.51,58.69
CUST-10616,49.0,Female,Austin,107378.06,Gold,In-Store,22,44,8,4256.22,237.69
CUST-10009,50.0,Female,Denver,36923.47,Platinum,Mobile App,6,33,19,759.98,25.48
CUST-10034,29.0,Female,Miami,34925.96,Basic,Online,38,14,12,737.29,19.77
CUST-10584,64.0,Female,Denver,108880.71,Silver,Online,25,82,5,1022.98,449.71
CUST-10122,52.0,Male,Portland,40825.08,Gold,In-Store,45,13,17,633.02,20.58
CUST-10511,41.0,Female,Austin,47693.575,Basic,Mobile App,71,11,32,4007.8,87.62
CUST-10182,39.0,Male,Atlanta,47693.575,Basic,Online,40,47,15,1099.26,20.4
CUST-10410,37.0,Male,Phoenix,103499.36,Basic,In-Store,71,16,31,4473.13,187.58
CUST-11088,23.0,Female,Los Angeles,45953.84,Silver,Mobile App,18,27,9,748.25,25.08
CUST-11137,21.0,Male,Phoenix,38990.5,Silver,Mobile App,8,7,9,1162.93,40.38
CUST-10161,32.0,Non-Binary,Phoenix,48855.96,Silver,Online,38,43,15,857.21,17.79
CUST-10763,38.0,Male,Austin,41665.99,Silver,Online,3,33,3,85.75,28.27
CUST-10922,23.0,Male,Denver,49928.81,Basic,Online,1,11,0,27.56,54.53
CUST-10973,33.0,Male,New York,15000.0,Silver,In-Store,4,63,2,110.38,23.18
CUST-10389,53.0,Male,Houston,113547.5,Gold,In-Store,42,6,13,3266.73,132.23
CUST-10954,39.0,Male,Denver,58244.82,Gold,In-Store,1,92,1,68.9,59.8
CUST-10236,51.0,Female,Denver,41344.92,Basic,Online,33,28,12,761.11,17.46
CUST-11158,23.0,Male,Los Angeles,39214.03,Silver,In-Store,1,0,18,588.38,45.56
CUST-10385,53.0,Female,Portland,54532.95,Gold,In-Store,56,11,37,3321.23,174.28
CUST-10878,24.0,Male,Portland,31148.72,Silver,In-Store,4,95,3,38.28,49.99
CUST-10465,54.0,Female,Miami,96178.06,Basic,In-Store,64,6,22,5355.47,157.73
CUST-11162,22.0,Male,Austin,42331.48,Silver,Mobile App,9,7,31,775.94,26.41
CUST-11053,18.0,Female,Miami,37686.29,Silver,In-Store,12,26,18,1308.03,42.42
CUST-10859,27.0,Female,Phoenix,25768.22,Silver,In-Store,10,106,4,112.97,18.49
CUST-10272,57.0,Male,Portland,34958.9,Gold,Online,29,27,16,709.56,23.63
CUST-10241,42.0,Male,Denver,33929.66,Platinum,Mobile App,23,25,11,100.95,19.69
CUST-10781,41.0,Female,Phoenix,56232.81,Silver,In-Store,8,69,4,110.5,34.41
CUST-10930,40.0,Female,Miami,35527.65,Basic,In-Store,6,78,1,104.2,43.88
CUST-10476,40.0,Female,Chicago,70072.12,Gold,In-Store,52,11,24,3986.48,152.18
CUST-10249,48.0,Female,Chicago,32050.16,Gold,Mobile App,58,25,19,1084.61,34.37
CUST-11105,30.0,Male,New York,46424.26,Gold,Online,4,17,22,957.45,15.57
CUST-10561,39.0,Male,Atlanta,133218.8,Basic,Online,14,80,4,2707.49,413.41
CUST-10483,35.0,Female,Miami,68071.38,Basic,Online,58,13,13,5342.02,114.39
CUST-10953,22.0,Male,Phoenix,61496.84,Basic,Online,1,123,2,233.41,60.47
CUST-10051,56.0,Female,Seattle,44812.66,Gold,Mobile App,38,32,9,713.94,22.87
CUST-10275,53.0,Female,Chicago,28175.81,Silver,In-Store,40,18,9,553.64,15.05
CUST-10487,49.0,Male,Seattle,92320.69,Basic,In-Store,45,10,15,4939.19,139.71
CUST-10682,68.0,Male,Phoenix,114771.54,Gold,In-Store,8,83,5,1781.75,405.35
CUST-10888,22.0,Female,New York,27444.4,Silver,In-Store,3,48,1,203.86,52.55
CUST-10661,60.0,Female,Seattle,101151.12,Basic,In-Store,29,39,6,2035.66,322.06
CUST-10597,64.0,Male,Boston,99267.77,Gold,Online,1,69,4,2199.22,391.82
CUST-10999,18.0,Male,Los Angeles,44759.15,Gold,Online,2,115,0,209.92,79.78
CUST-10869,42.0,Female,Chicago,61057.25,Silver,Mobile App,1,104,2,37.53,87.19
CUST-10305,72.0,Female,Austin,47693.575,Basic,Mobile App,44,16,13,273.02,27.6
CUST-10123,44.0,Male,Atlanta,34668.2,Silver,Online,36,19,9,333.24,30.26
CUST-10234,22.0,Female,Boston,55943.25,Silver,Online,1,14,22,686.73,25.14
CUST-10830,38.0,Female,Chicago,28255.16,Basic,In-Store,1,74,1,173.24,101.0
CUST-10448,25.0,Female,Los Angeles,74417.44,Basic,In-Store,36,0,24,3860.65,186.22
CUST-10841,31.0,Male,Los Angeles,36507.08,Platinum,Mobile App,8,82,1,132.55,44.21
CUST-10203,40.0,Female,Miami,27947.44,Basic,Mobile App,18,32,11,507.41,22.47
CUST-10754,49.0,Female,New York,29566.73,Basic,Online,6,78,2,245.54,68.21
CUST-10512,45.0,Female,Phoenix,93950.69,Silver,Mobile App,49,14,30,4656.31,172.53
CUST-10611,47.0,Male,Chicago,130702.5,Gold,Online,31,74,7,1453.13,333.41
CUST-10701,32.0,Female,Denver,133202.86,Silver,Online,25,75,5,1979.65,347.78
CUST-11145,21.0,Female,Los Angeles,45374.01,Silver,Online,1,11,19,649.74,19.04
CUST-10369,69.0,Male,Atlanta,77777.95,Basic,Mobile App,55,4,31,4224.1,171.06
CUST-10049,39.0,Female,New York,52081.88,Basic,In-Store,25,40,14,414.28,16.85
CUST-10773,29.0,Male,Los Angeles,43928.15,Gold,Mobile App,2,84,2,141.97,75.65
CUST-10970,26.0,Male,Denver,35626.29,Basic,Online,4,118,2,116.71,48.8
